Peso_inicial_kg,Raça,Sexo,Idade_inicial_meses,Dieta,Clima,Temperatura_media_C,Indice_pluviometrico_mm,Peso_final_kg,Momento_ideal_abate_dias,Ganho_peso_diario_kg,Idade_inicial_anos,Classificacao,RFID
256.2,Brahman,Macho,19,Alta energia,Sul,22.6,48.7,414.0,109,1.45,1.6,Novilha,G8OAZ8YOVFOXUG2
342.6,Hereford,Fêmea,21,Alta energia,Nordeste,27.1,279.0,610.0,105,2.55,1.8,Novilha,55EDVR8QXBMOECC
309.8,Senepol,Fêmea,12,Média energia,Cerrado,21.4,261.6,586.6,110,2.52,1.0,Bezerro,8W13R96ZQGH4L4S
289.8,Nelore,Macho,24,Média energia,Sul,29.4,215.2,559.7,134,2.01,2.0,Novilha,JLTGNKG2J2I9JS4
223.4,Senepol,Fêmea,28,Alta energia,Sul,28.3,40.8,449.7,179,1.26,2.3,Vaca,QI67XIGPSFKLMLU
223.4,Nelore,Fêmea,14,Alta energia,Sul,26.1,235.0,408.3,176,1.05,1.2,Novilha,JT91XEL8BIVELAV
208.7,Angus,Macho,19,Alta energia,Nordeste,27.8,244.3,485.5,171,1.62,1.6,Novilha,SP4CWRZMRCWCY00
329.9,Nelore,Macho,25,Alta energia,Sul,33.4,232.7,589.0,151,1.72,2.1,Touro,YXHI3SPXU9FENDH
290.2,Brahman,Macho,14,Média energia,Sul,22.9,43.1,587.3,120,2.48,1.2,Novilha,XKQUZ0PZ64FHG7N
306.2,Hereford,Fêmea,27,Alta energia,Cerrado,20.3,196.7,479.6,131,1.32,2.2,Vaca,PIJQLFS2FYXYPPF
203.1,Angus,Macho,24,Média energia,Cerrado,32.9,252.0,386.9,101,1.82,2.0,Novilha,UD711QNGVA243OR
345.5,Nelore,Fêmea,28,Baixa energia,Sul,28.7,177.4,527.3,154,1.18,2.3,Vaca,837K0X8HRMXWL34
324.9,Senepol,Macho,24,Baixa energia,Sul,33.4,197.5,593.8,162,1.66,2.0,Novilha,1V1MYGFXSS9I92X
231.9,Angus,Macho,17,Alta energia,Cerrado,29.0,142.9,409.9,92,1.93,1.4,Novilha,EZN2FGRWAD8W0ZH
227.3,Angus,Macho,28,Baixa energia,Nordeste,32.2,163.3,387.3,179,0.89,2.3,Touro,PC5ETN5ZF9EM5PA
227.5,Nelore,Fêmea,25,Baixa energia,Nordeste,26.4,20.0,527.3,98,3.06,2.1,Vaca,MKHY5X1NC90TO01
245.6,Angus,Fêmea,28,Baixa energia,Nordeste,31.2,195.3,399.3,140,1.1,2.3,Vaca,Y6NHNAPRGOXMIO8
278.7,Senepol,Macho,19,Alta energia,Nordeste,33.7,33.6,554.0,105,2.62,1.6,Novilha,X6PH2W4N30PF6RP
264.8,Angus,Macho,22,Alta energia,Nordeste,28.6,136.2,469.6,177,1.16,1.8,Novilha,LT23ZV62VMIXO9M
243.7,Senepol,Macho,12,Baixa energia,Nordeste,22.7,94.9,519.9,167,1.65,1.0,Bezerro,0GHNL9Q20A7DXU6
291.8,Nelore,Fêmea,18,Média energia,Nordeste,24.0,168.2,525.0,92,2.53,1.5,Novilha,GACO4PJ2F2QVXQU
220.9,Hereford,Macho,28,Baixa energia,Nordeste,23.0,48.7,506.1,113,2.52,2.3,Touro,KGEUR8TOEMLUFGZ
243.8,Angus,Fêmea,21,Alta energia,Cerrado,23.7,210.6,532.7,162,1.78,1.8,Novilha,HI0DU4UYO81NDT7
255.0,Hereford,Macho,22,Alta energia,Nordeste,24.6,240.6,406.4,102,1.48,1.8,Novilha,L6XTE3XG9POWL2O
268.4,Senepol,Macho,20,Alta energia,Nordeste,28.3,57.4,429.7,91,1.77,1.7,Novilha,2UONPOD0W2IGDEE
317.8,Angus,Macho,20,Baixa energia,Nordeste,28.8,40.3,505.4,160,1.17,1.7,Novilha,K1P3DBCUFREIT1Z
230.0,Brahman,Macho,16,Média energia,Sul,26.4,52.2,480.4,110,2.28,1.3,Novilha,RSCI94QW7EOCS1C
277.1,Hereford,Macho,28,Alta energia,Cerrado,29.2,264.4,560.3,108,2.62,2.3,Touro,DX4KAIQACZ4ZW3J
288.9,Angus,Macho,20,Alta energia,Cerrado,21.2,163.2,507.9,178,1.23,1.7,Novilha,HYVOJTWABSNHLZ0
207.0,Hereford,Fêmea,28,Baixa energia,Cerrado,21.3,145.5,448.0,136,1.77,2.3,Vaca,2OA1CR752YZHSV2
291.1,Angus,Macho,18,Média energia,Nordeste,22.6,40.9,469.4,111,1.61,1.5,Novilha,68CSJ0OKZXM5DMI
225.6,Nelore,Fêmea,20,Baixa energia,Nordeste,27.8,198.4,496.3,164,1.65,1.7,Novilha,7GALUKN77YDZPJB
209.8,Hereford,Macho,18,Alta energia,Sul,23.2,261.7,504.9,122,2.42,1.5,Novilha,8SFSHNJC2OWWRS1
342.3,Brahman,Macho,24,Média energia,Cerrado,24.2,250.2,532.6,121,1.57,2.0,Novilha,ZJDBCGP4JS1Q1SW
344.8,Brahman,Fêmea,22,Média energia,Nordeste,26.0,191.6,569.0,153,1.47,1.8,Novilha,TMMKOQ1SDVV766L
321.3,Senepol,Macho,25,Alta energia,Cerrado,32.2,31.8,484.2,174,0.94,2.1,Touro,B1JVQZCGHTL8Q1J
245.7,Angus,Fêmea,22,Média energia,Sul,20.2,42.6,479.6,128,1.83,1.8,Novilha,V6VM0OV3778SH61
214.7,Hereford,Fêmea,24,Média energia,Sul,29.7,24.3,440.1,173,1.3,2.0,Novilha,Y9QXUB463LLXXKM
302.6,Senepol,Macho,25,Baixa energia,Sul,30.0,84.7,474.3,161,1.07,2.1,Touro,0HJHTHIGN1BHMU1
266.0,Hereford,Fêmea,24,Alta energia,Cerrado,32.0,49.3,482.3,131,1.65,2.0,Novilha,8WOBL9CECSBQN10
218.3,Angus,Fêmea,12,Alta energia,Nordeste,34.0,85.4,418.4,98,2.04,1.0,Bezerro,JC9YV3U314ZVUAM
274.3,Brahman,Macho,19,Alta energia,Nordeste,20.3,121.7,502.6,114,2.0,1.6,Novilha,UIQU4VLFPZEIN3Z
205.2,Nelore,Fêmea,23,Alta energia,Sul,22.3,283.5,443.0,178,1.34,1.9,Novilha,2SHW8485EPQ55TB
336.4,Brahman,Macho,23,Alta energia,Nordeste,33.3,187.0,487.7,91,1.66,1.9,Novilha,TRA22SFHXTNE7PG
238.8,Senepol,Macho,19,Média energia,Sul,26.9,252.1,503.0,108,2.45,1.6,Novilha,PG0NN66T9G5C2XV
299.4,Nelore,Macho,19,Baixa energia,Cerrado,28.5,216.0,556.4,109,2.36,1.6,Novilha,FXWJPK5FX6L0RM3
246.8,Senepol,Macho,24,Alta energia,Sul,29.9,42.6,451.7,159,1.29,2.0,Novilha,M793YB9RESR5UJV
278.0,Angus,Fêmea,23,Baixa energia,Cerrado,30.2,223.4,435.9,106,1.49,1.9,Novilha,MQIXNHS13GZKNUH
282.0,Nelore,Macho,27,Baixa energia,Sul,34.0,89.8,545.2,178,1.48,2.2,Touro,C12WR8MLEKK44MN
227.7,Senepol,Macho,12,Média energia,Nordeste,35.0,195.3,521.0,157,1.87,1.0,Bezerro,Y66OPFYODD37045
345.4,Angus,Fêmea,24,Alta energia,Nordeste,30.8,108.9,531.4,173,1.08,2.0,Novilha,IHN6WULBMDTN32H
316.3,Brahman,Macho,18,Média energia,Sul,24.3,299.3,514.8,92,2.16,1.5,Novilha,LZBNF4QY5LMSY4Y
340.9,Angus,Macho,16,Alta energia,Nordeste,33.2,86.4,518.5,176,1.01,1.3,Novilha,PWNFYWLM97FHH67
334.2,Hereford,Fêmea,19,Média energia,Nordeste,20.7,90.9,570.7,140,1.69,1.6,Novilha,O98VWVE4M1T6P2W
289.7,Angus,Fêmea,25,Baixa energia,Nordeste,23.5,279.9,462.9,171,1.01,2.1,Vaca,X7GD7VEWO4IYYUI
338.3,Angus,Fêmea,24,Alta energia,Cerrado,33.5,17.1,541.7,115,1.77,2.0,Novilha,VWD2OA32T69VMGH
213.3,Hereford,Fêmea,26,Baixa energia,Nordeste,23.8,212.0,467.9,145,1.76,2.2,Vaca,1IYPJK4L4N5Q8A2
229.4,Senepol,Fêmea,28,Baixa energia,Cerrado,23.3,220.3,463.4,153,1.53,2.3,Vaca,DW1PLUQM5OLO7FQ
206.8,Senepol,Fêmea,26,Média energia,Sul,22.1,252.5,414.8,97,2.14,2.2,Vaca,TIEW6NQS6AM0FF6
248.8,Angus,Fêmea,29,Alta energia,Nordeste,32.9,292.6,461.8,170,1.25,2.4,Vaca,38WJS1WDTS07DGG
258.3,Hereford,Macho,29,Baixa energia,Nordeste,27.5,292.9,492.6,126,1.86,2.4,Touro,ZZSITPQVMLJA53H
240.7,Hereford,Fêmea,13,Média energia,Nordeste,30.1,28.9,391.6,116,1.3,1.1,Novilha,UVRBICZU319Z7HJ
324.3,Brahman,Fêmea,15,Alta energia,Sul,23.6,248.3,486.1,134,1.21,1.2,Novilha,NOQR5WW8OX1PPFB
253.5,Senepol,Fêmea,12,Alta energia,Cerrado,31.4,197.4,535.7,93,3.03,1.0,Bezerro,MI7Q02VXG7LWO6M
242.1,Nelore,Macho,15,Baixa energia,Cerrado,31.4,197.7,403.8,175,0.92,1.2,Novilha,W58AEME5UXRUJXU
281.4,Senepol,Macho,29,Alta energia,Nordeste,24.7,47.2,537.4,179,1.43,2.4,Touro,YWVD7F148WFPBXQ
221.1,Senepol,Fêmea,16,Baixa energia,Sul,26.2,198.6,509.1,177,1.63,1.3,Novilha,AFE2LCA0XSHB335
320.3,Brahman,Fêmea,26,Alta energia,Sul,23.1,294.9,510.9,126,1.51,2.2,Vaca,AMKJZTQQDEWJ16Z
211.2,Nelore,Fêmea,19,Média energia,Sul,34.6,274.4,416.8,160,1.28,1.6,Novilha,20RJEJUXC4BB7T6
348.0,Brahman,Macho,28,Baixa energia,Sul,29.7,137.3,583.3,122,1.93,2.3,Touro,DKEY7IFRNSNQ82Q
315.8,Nelore,Macho,12,Baixa energia,Sul,34.0,21.6,598.1,120,2.35,1.0,Bezerro,HA9GEX1QTCZOHMC
229.8,Angus,Fêmea,23,Alta energia,Cerrado,24.6,115.1,521.1,144,2.02,1.9,Novilha,AI4ZQ7IMEMAYD9J
200.8,Nelore,Macho,26,Alta energia,Cerrado,31.7,249.7,461.7,101,2.58,2.2,Touro,1F0LC6J4OG9NNCC
322.3,Brahman,Fêmea,20,Baixa energia,Cerrado,31.5,213.4,485.3,100,1.63,1.7,Novilha,VS8LEJ6M85KX8SF
306.0,Senepol,Macho,18,Alta energia,Nordeste,30.4,143.2,556.4,177,1.41,1.5,Novilha,8D6M9SLKFL0YCCT
309.4,Nelore,Macho,13,Média energia,Sul,34.5,26.0,520.9,161,1.31,1.1,Novilha,1WCXFTK50UMV8V1
315.7,Nelore,Fêmea,20,Alta energia,Nordeste,25.9,133.8,536.3,121,1.82,1.7,Novilha,UR4UNY0W423ZTS0
211.1,Hereford,Fêmea,21,Média energia,Sul,22.0,146.0,368.5,146,1.08,1.8,Novilha,YW2OCJOPQSKEENZ
253.8,Senepol,Fêmea,13,Média energia,Cerrado,30.1,279.3,432.5,127,1.41,1.1,Novilha,HEGPND9Q9FP29J9
217.4,Angus,Fêmea,22,Média energia,Nordeste,30.9,195.9,486.0,149,1.8,1.8,Novilha,2ND9MR6UPOEFCL9
329.5,Brahman,Macho,24,Média energia,Cerrado,28.6,100.4,547.6,175,1.25,2.0,Novilha,6964U00H5ZBLVQG
293.5,Angus,Macho,21,Média energia,Sul,23.1,162.3,488.7,108,1.81,1.8,Novilha,D5KAYXQH0R0VPBE
249.6,Senepol,Macho,25,Alta energia,Sul,27.6,29.2,457.2,173,1.2,2.1,Touro,RC0QPFGNO602E25
209.5,Nelore,Fêmea,29,Média energia,Sul,24.7,292.0,487.7,145,1.92,2.4,Vaca,FBFD2YICZ095APK
246.6,Nelore,Macho,20,Alta energia,Cerrado,26.4,114.4,508.9,103,2.55,1.7,Novilha,ZAZ1IVH0SYUXXSB
248.8,Senepol,Fêmea,18,Média energia,Sul,29.7,148.6,439.6,122,1.56,1.5,Novilha,N551MLHOZL0R90I
309.4,Nelore,Macho,14,Baixa energia,Cerrado,31.2,113.0,477.0,99,1.69,1.2,Novilha,AGZGGHPCJGU4W0V
295.6,Nelore,Fêmea,17,Média energia,Nordeste,23.5,207.9,483.4,169,1.11,1.4,Novilha,0DXWSC0C1Q4JV3U
333.1,Nelore,Fêmea,13,Baixa energia,Sul,26.1,202.0,621.2,153,1.88,1.1,Novilha,9WLYTG22MCBP3FG
270.8,Brahman,Macho,17,Média energia,Sul,24.0,217.4,508.0,153,1.55,1.4,Novilha,EG75M3YUU1T7ERK
217.9,Brahman,Fêmea,14,Média energia,Sul,23.0,87.8,447.9,151,1.52,1.2,Novilha,QVTF7NWTM5ZN9HV
307.0,Hereford,Fêmea,27,Média energia,Nordeste,31.8,101.5,546.5,157,1.53,2.2,Vaca,VP0JY4U0Q64ZU9A
314.1,Angus,Macho,19,Baixa energia,Sul,33.6,46.3,519.0,132,1.55,1.6,Novilha,DDZDI3DEWPVH6PE
284.2,Senepol,Fêmea,13,Baixa energia,Cerrado,25.6,200.1,555.3,169,1.6,1.1,Novilha,PGAIRCX1JIM8WQG
315.6,Senepol,Fêmea,28,Média energia,Cerrado,31.3,21.5,544.1,148,1.54,2.3,Vaca,P9TXEF1EBURLQOG
274.1,Senepol,Fêmea,20,Alta energia,Sul,33.5,183.3,441.6,141,1.19,1.7,Novilha,NAC4MRQQKTJ27QM
278.4,Hereford,Macho,23,Média energia,Sul,32.7,262.2,447.8,108,1.57,1.9,Novilha,0Z1ML1B7W28K6KI
264.1,Brahman,Macho,14,Baixa energia,Nordeste,22.7,268.3,494.6,110,2.1,1.2,Novilha,NIC2S95G1REWVZL
203.8,Hereford,Fêmea,22,Média energia,Nordeste,34.3,140.2,494.3,111,2.62,1.8,Novilha,SAC0R3BE26T3EUO
216.2,Senepol,Macho,12,Baixa energia,Nordeste,25.7,143.2,412.5,98,2.0,1.0,Bezerro,TH4LU30Z6ZZ9AOA
204.7,Angus,Fêmea,24,Baixa energia,Sul,25.1,32.3,485.1,98,2.86,2.0,Novilha,KBA4PVRQ3J8UPFC
295.5,Nelore,Fêmea,26,Baixa energia,Nordeste,20.9,204.5,560.1,162,1.63,2.2,Vaca,UMRX0DVXJBFRQW3
247.2,Brahman,Fêmea,16,Média energia,Nordeste,27.3,248.2,434.4,116,1.61,1.3,Novilha,UJMLIDX7EODHX10
276.3,Brahman,Fêmea,28,Baixa energia,Cerrado,21.6,80.9,431.8,106,1.47,2.3,Vaca,A7QZXU3MC58SNVQ
336.1,Hereford,Fêmea,17,Baixa energia,Nordeste,23.7,132.2,501.4,133,1.24,1.4,Novilha,DSBOBKWJCECMS8X
237.4,Brahman,Macho,22,Média energia,Cerrado,24.8,253.3,496.7,134,1.94,1.8,Novilha,XQJBWFBU82G2W6H
261.6,Senepol,Fêmea,29,Baixa energia,Cerrado,32.1,264.4,441.6,97,1.86,2.4,Vaca,LJOXZCBFUIJ9CXV
313.3,Senepol,Macho,15,Média energia,Nordeste,33.1,80.5,519.0,169,1.22,1.2,Novilha,N06V2SSFSMZVU9B
234.3,Hereford,Macho,14,Baixa energia,Cerrado,24.5,169.7,459.6,107,2.11,1.2,Novilha,30GT4WMQDNTMCZZ
211.5,Senepol,Fêmea,24,Alta energia,Sul,32.9,65.8,470.3,122,2.12,2.0,Novilha,R5NCAZX8NCMNUZC
243.5,Angus,Fêmea,20,Alta energia,Sul,32.9,39.5,410.5,90,1.86,1.7,Novilha,D9A6GK0NVPLJXRV
224.2,Hereford,Macho,17,Baixa energia,Nordeste,31.5,274.2,435.2,165,1.28,1.4,Novilha,IQMFU9G9YKN2JEH
339.5,Angus,Macho,23,Alta energia,Sul,22.2,247.9,562.3,95,2.35,1.9,Novilha,EXZFP9LKCFSRPWI
321.2,Nelore,Macho,13,Média energia,Cerrado,30.4,230.4,552.3,130,1.78,1.1,Novilha,CHDL4YPNMGLDB8C
295.0,Angus,Fêmea,14,Alta energia,Sul,34.2,24.1,567.8,144,1.89,1.2,Novilha,DLSJAQPIIILOBKK
330.7,Nelore,Macho,14,Baixa energia,Nordeste,30.2,254.7,506.5,94,1.87,1.2,Novilha,H5FT8H7SG4RN9QI
320.6,Nelore,Fêmea,23,Baixa energia,Nordeste,25.0,137.0,591.8,148,1.83,1.9,Novilha,T1T90H5AQIT5B5I
228.0,Angus,Fêmea,26,Média energia,Cerrado,27.5,109.3,481.9,169,1.5,2.2,Vaca,3TAE89ANI3XDNYD
333.9,Hereford,Fêmea,20,Baixa energia,Nordeste,29.7,168.5,567.3,107,2.18,1.7,Novilha,YJ8GMD9NRH50WGL
280.9,Senepol,Macho,19,Média energia,Sul,27.7,36.5,535.8,138,1.85,1.6,Novilha,YCZD9O52JUPS2RP
321.1,Senepol,Fêmea,22,Alta energia,Nordeste,21.8,229.4,532.9,171,1.24,1.8,Novilha,ABO1AEV9MAPV5PO
334.4,Nelore,Fêmea,27,Alta energia,Cerrado,24.7,178.9,505.2,154,1.11,2.2,Vaca,LAQ1GIVZLGOUNBH
247.7,Nelore,Fêmea,15,Média energia,Nordeste,32.0,64.1,497.6,172,1.45,1.2,Novilha,F6FZNHMM1RS5VBM
216.5,Hereford,Fêmea,12,Média energia,Sul,32.9,64.6,445.2,143,1.6,1.0,Bezerro,WY1K6XB3Q7VEPMZ
234.2,Brahman,Fêmea,18,Baixa energia,Cerrado,22.1,63.4,480.1,150,1.64,1.5,Novilha,4WLNR01RPPM2IZ1
264.1,Angus,Macho,13,Alta energia,Sul,34.3,26.5,464.8,97,2.07,1.1,Novilha,M9INL5CPT5WQPHS
322.7,Nelore,Fêmea,16,Média energia,Cerrado,24.9,180.5,608.7,92,3.11,1.3,Novilha,37NVQO5MU608P17
329.1,Senepol,Fêmea,18,Alta energia,Nordeste,29.9,253.7,567.2,114,2.09,1.5,Novilha,A4966RWWOZ3YPNQ
201.0,Hereford,Macho,15,Média energia,Cerrado,31.3,15.1,363.8,158,1.03,1.2,Novilha,L25XMTOD71B3ZZT
276.6,Angus,Fêmea,16,Alta energia,Cerrado,32.2,24.2,494.1,144,1.51,1.3,Novilha,1TKJWSR0FJBX11B
262.6,Hereford,Macho,12,Baixa energia,Nordeste,34.2,176.1,526.1,129,2.04,1.0,Bezerro,EKJBOGT787V4WSD
233.3,Angus,Fêmea,12,Alta energia,Sul,24.7,247.7,502.4,172,1.56,1.0,Bezerro,XT1QS8583Q2FQQN
218.0,Angus,Macho,26,Alta energia,Nordeste,32.9,104.8,442.2,171,1.31,2.2,Touro,X59N0S4IQSDKVDQ
250.6,Nelore,Macho,21,Alta energia,Cerrado,22.0,111.4,534.8,139,2.04,1.8,Novilha,H7K4KU3JZ0HHH7P
341.4,Hereford,Fêmea,29,Alta energia,Nordeste,30.6,182.9,531.6,122,1.56,2.4,Vaca,MWL0V50B6Z1SE6T
248.5,Hereford,Fêmea,14,Alta energia,Cerrado,31.1,89.5,460.1,107,1.98,1.2,Novilha,3HQACZ4HH81DPMT
277.8,Senepol,Fêmea,22,Baixa energia,Nordeste,30.2,17.7,562.6,146,1.95,1.8,Novilha,ETX977SQEYRH0OM
305.5,Senepol,Macho,26,Média energia,Nordeste,23.8,223.2,589.9,105,2.71,2.2,Touro,PVTMTB8SFNDV970
254.5,Nelore,Macho,22,Alta energia,Sul,33.1,191.4,507.4,169,1.5,1.8,Novilha,GC6BPYOXO4NNFNQ
345.8,Nelore,Macho,28,Baixa energia,Cerrado,22.5,178.4,624.6,127,2.2,2.3,Touro,RTQP5I06JQ9QRW7
344.4,Brahman,Fêmea,28,Alta energia,Sul,20.8,225.1,507.7,130,1.26,2.3,Vaca,HMWTVW8C76QS3WO
237.8,Senepol,Macho,17,Alta energia,Cerrado,30.8,205.8,517.5,96,2.91,1.4,Novilha,NBRF5U10B6PVMBN
274.6,Angus,Macho,16,Média energia,Nordeste,27.1,69.7,472.7,167,1.19,1.3,Novilha,1GR99D3XT4XGZMH
245.1,Hereford,Fêmea,19,Alta energia,Cerrado,32.7,112.2,421.8,142,1.24,1.6,Novilha,EM2TN50YDUROXH1
242.7,Nelore,Macho,13,Baixa energia,Sul,25.8,46.6,428.6,152,1.22,1.1,Novilha,UPP8QI82RLSVOAB
205.5,Hereford,Macho,27,Baixa energia,Sul,22.5,47.7,418.2,178,1.19,2.2,Touro,HVYBIIMF3OOGKBJ
291.4,Hereford,Fêmea,23,Média energia,Sul,32.5,206.1,479.1,121,1.55,1.9,Novilha,QGD894YMRUA9HUU
275.4,Brahman,Macho,17,Alta energia,Cerrado,28.2,259.0,473.5,127,1.56,1.4,Novilha,0SW8EHKPXUWHGB3
207.7,Senepol,Fêmea,12,Baixa energia,Sul,22.8,289.2,377.9,111,1.53,1.0,Bezerro,MW2T62OWC2HV2BA
241.8,Nelore,Fêmea,15,Alta energia,Sul,30.8,192.2,436.2,105,1.85,1.2,Novilha,TUH08FSRAY0G249
336.2,Hereford,Fêmea,28,Alta energia,Sul,27.7,63.4,572.0,141,1.67,2.3,Vaca,SFY4ITJ0MBU6X7I
235.9,Nelore,Fêmea,24,Alta energia,Nordeste,29.1,40.6,452.2,118,1.83,2.0,Novilha,B3VKQ9MGP6AKFT8
221.7,Angus,Fêmea,29,Média energia,Nordeste,26.9,245.7,423.7,105,1.92,2.4,Vaca,ZL310SEE01Z0UA1
273.4,Brahman,Macho,16,Alta energia,Cerrado,32.4,177.8,535.4,165,1.59,1.3,Novilha,OQZTYM6YHEFW3NW
347.8,Angus,Macho,14,Baixa energia,Cerrado,32.4,189.3,631.8,106,2.68,1.2,Novilha,K4FKMLB89Q11VGO
236.3,Nelore,Fêmea,22,Alta energia,Sul,30.6,236.6,499.8,153,1.72,1.8,Novilha,5KXC3FBNR4MZLRI
300.8,Nelore,Fêmea,24,Baixa energia,Nordeste,21.6,214.0,500.6,178,1.12,2.0,Novilha,UX7H6WMNNPZZA5O
314.2,Senepol,Macho,15,Alta energia,Sul,32.6,252.0,575.9,102,2.57,1.2,Novilha,UR3MX3BSYNFLTW3
235.6,Hereford,Fêmea,25,Baixa energia,Sul,30.1,26.3,408.4,161,1.07,2.1,Vaca,33397PXNZHN4BDA
309.2,Hereford,Fêmea,22,Baixa energia,Nordeste,30.5,226.8,478.7,145,1.17,1.8,Novilha,TNYYCEZDG33S866
255.2,Angus,Fêmea,21,Alta energia,Nordeste,25.4,256.7,457.0,94,2.15,1.8,Novilha,NJ1N9PU16FOC8NB
294.8,Brahman,Macho,29,Alta energia,Nordeste,33.2,93.0,566.0,101,2.69,2.4,Touro,2DZLBQ8JVUO8UUU
295.0,Hereford,Macho,17,Baixa energia,Cerrado,30.9,195.7,482.0,130,1.44,1.4,Novilha,5EIRUH7JXX567K4
280.4,Senepol,Fêmea,26,Média energia,Cerrado,21.7,101.1,439.9,92,1.73,2.2,Vaca,RWVRTMADX99B1ZW
213.5,Angus,Fêmea,21,Alta energia,Sul,26.1,287.8,383.3,122,1.39,1.8,Novilha,O90F889J32DED9P
325.3,Angus,Macho,16,Média energia,Cerrado,33.3,19.7,604.1,175,1.59,1.3,Novilha,YNK27VNXZ9P5F7H
248.1,Senepol,Macho,16,Alta energia,Nordeste,20.7,178.1,493.2,139,1.76,1.3,Novilha,30G0YOYVRLWYJ3J
228.0,Brahman,Fêmea,21,Alta energia,Nordeste,34.4,58.3,416.0,145,1.3,1.8,Novilha,7M2IMNIHC65GS7N
206.1,Senepol,Fêmea,16,Alta energia,Cerrado,30.2,216.5,439.4,98,2.38,1.3,Novilha,SZQ1S0S6G2E3HLM
288.6,Brahman,Macho,14,Alta energia,Sul,29.5,61.0,517.7,171,1.34,1.2,Novilha,ZRTPC0O7VWDWIXU
301.6,Senepol,Macho,17,Média energia,Sul,24.1,78.3,549.9,139,1.79,1.4,Novilha,PYZIO6AEIF1Z1OF
202.5,Senepol,Macho,15,Alta energia,Cerrado,23.7,153.4,387.5,118,1.57,1.2,Novilha,0DKU3R8CL03UUOR
276.8,Nelore,Fêmea,29,Baixa energia,Sul,34.1,275.3,556.5,128,2.19,2.4,Vaca,2UQRLKTIACUWISS
234.0,Angus,Macho,20,Baixa energia,Sul,24.5,71.4,430.4,134,1.47,1.7,Novilha,W009L076145T844
296.8,Senepol,Fêmea,28,Média energia,Sul,31.6,51.8,550.9,106,2.4,2.3,Vaca,VIIOMVP5BZN7H9U
226.2,Senepol,Macho,24,Alta energia,Nordeste,25.9,230.1,378.6,145,1.05,2.0,Novilha,1FT46GHIBQQ83FD
303.6,Hereford,Macho,26,Baixa energia,Nordeste,22.1,155.2,509.5,135,1.53,2.2,Touro,8IFMV139B9HIAMO
258.0,Angus,Macho,28,Média energia,Cerrado,20.2,274.4,460.8,156,1.3,2.3,Touro,574NN2S0I1X19RY
340.5,Hereford,Macho,24,Alta energia,Nordeste,28.2,52.5,572.0,158,1.47,2.0,Novilha,8DNZHXPTOGQVVLR
220.6,Angus,Fêmea,27,Baixa energia,Sul,34.6,197.3,381.5,103,1.56,2.2,Vaca,OPEB1049A2AHP1V
251.2,Hereford,Fêmea,15,Baixa energia,Nordeste,25.5,77.5,519.7,156,1.72,1.2,Novilha,RVLSYE7JGOXZZZJ
217.0,Senepol,Macho,16,Média energia,Cerrado,25.4,55.5,399.7,112,1.63,1.3,Novilha,QNBM0IGJIVWGI0X
338.7,Senepol,Fêmea,16,Alta energia,Nordeste,25.2,208.2,590.3,150,1.68,1.3,Novilha,2QTGG1STGFYMVQV
331.6,Nelore,Macho,20,Alta energia,Sul,27.8,182.2,602.1,112,2.42,1.7,Novilha,7HRXBB0NL511YDZ
238.7,Hereford,Macho,28,Baixa energia,Sul,26.6,228.9,473.0,116,2.02,2.3,Touro,9CAQGES78P0YZNN
299.0,Brahman,Macho,24,Baixa energia,Cerrado,33.2,99.7,560.1,143,1.83,2.0,Novilha,NY9DO5RNATJJX71
322.6,Nelore,Macho,13,Baixa energia,Nordeste,27.6,139.9,571.9,99,2.52,1.1,Novilha,0A6DGIPE7WYMXKQ
283.3,Hereford,Fêmea,24,Alta energia,Nordeste,27.6,127.6,486.6,178,1.14,2.0,Novilha,M0T65H2SFUVJJ2P
279.4,Hereford,Macho,14,Média energia,Nordeste,22.1,295.4,550.7,166,1.63,1.2,Novilha,AQ3ZSUQUSGQAFZB
236.3,Nelore,Macho,21,Média energia,Sul,34.7,94.8,430.5,105,1.85,1.8,Novilha,5E4L83FOOPTM472
214.0,Senepol,Fêmea,13,Alta energia,Cerrado,23.7,95.5,449.7,130,1.81,1.1,Novilha,CIKKYVITUJV2IEK
334.6,Hereford,Macho,24,Média energia,Nordeste,21.1,112.8,596.4,144,1.82,2.0,Novilha,AAEVZF5KJ74LPCB
335.1,Senepol,Macho,28,Baixa energia,Sul,29.9,173.7,541.9,150,1.38,2.3,Touro,EKY88VVK584HT7D
295.0,Nelore,Macho,25,Média energia,Sul,28.9,83.2,490.4,175,1.12,2.1,Touro,RDTIPZYDSNUOCPN
250.9,Senepol,Fêmea,23,Média energia,Sul,26.2,275.4,469.8,170,1.29,1.9,Novilha,IGNFUOH7A5E3VTP
252.4,Angus,Macho,23,Média energia,Nordeste,26.3,87.0,525.1,176,1.55,1.9,Novilha,GGBN4NEKE2KE59O
308.9,Brahman,Fêmea,22,Baixa energia,Nordeste,31.8,269.8,598.4,138,2.1,1.8,Novilha,SV7QLYQJ1RR5NPR
334.6,Hereford,Macho,18,Alta energia,Nordeste,22.9,40.0,566.4,162,1.43,1.5,Novilha,PQGL7JEUCS8FNDR
333.1,Brahman,Macho,15,Baixa energia,Nordeste,32.3,200.4,582.3,141,1.77,1.2,Novilha,28PTX8SD6BM373X
317.0,Senepol,Fêmea,12,Alta energia,Nordeste,29.7,273.0,602.5,91,3.14,1.0,Bezerro,6JRSGSXOWDDEWKK
296.3,Hereford,Macho,14,Alta energia,Nordeste,26.3,58.9,461.1,139,1.19,1.2,Novilha,MNHYRRJGNOPB33R
212.6,Senepol,Macho,24,Alta energia,Nordeste,26.9,290.8,397.4,175,1.06,2.0,Novilha,4MT8W689TCH52GB
224.2,Angus,Fêmea,26,Média energia,Nordeste,23.8,141.3,480.5,132,1.94,2.2,Vaca,UF195IKWKBCK8OK
334.8,Nelore,Fêmea,13,Média energia,Nordeste,31.3,284.3,608.4,166,1.65,1.1,Novilha,4115YT1YKS1AEJ7
291.0,Hereford,Fêmea,22,Alta energia,Sul,27.7,206.3,569.6,97,2.87,1.8,Novilha,9BRMETBK3551JVQ
201.4,Angus,Fêmea,15,Alta energia,Nordeste,24.8,97.5,413.7,148,1.43,1.2,Novilha,VSQX9591N9FIUL3
215.2,Angus,Fêmea,28,Média energia,Cerrado,28.9,64.6,378.6,154,1.06,2.3,Vaca,4D40YEFE0HIO9G5
299.5,Hereford,Macho,14,Baixa energia,Sul,34.9,98.1,515.2,170,1.27,1.2,Novilha,HOSFS1QS4KOJWCC
200.8,Senepol,Fêmea,29,Alta energia,Nordeste,26.5,37.0,385.4,101,1.83,2.4,Vaca,RYT2VOJU25JMWW4
224.1,Angus,Macho,19,Baixa energia,Cerrado,33.8,51.7,417.8,93,2.08,1.6,Novilha,DCUBDAO6FGSASZL
282.3,Brahman,Macho,16,Média energia,Nordeste,25.2,40.4,548.1,166,1.6,1.3,Novilha,VM1NV3T07AO5H6R
303.8,Angus,Macho,18,Alta energia,Cerrado,20.8,132.7,465.1,130,1.24,1.5,Novilha,256ERJ96WE7XQ4G
297.8,Senepol,Fêmea,19,Baixa energia,Cerrado,23.1,240.7,571.9,96,2.86,1.6,Novilha,Q1VOOYUB05UDSBZ
233.6,Senepol,Fêmea,16,Baixa energia,Cerrado,26.3,51.0,447.8,176,1.22,1.3,Novilha,7NOT79SIG3M08MO
306.8,Brahman,Macho,28,Baixa energia,Cerrado,23.3,47.8,546.2,177,1.35,2.3,Touro,IW9C7S1WGLNOCOX
235.6,Angus,Fêmea,16,Média energia,Sul,20.0,196.6,399.0,158,1.03,1.3,Novilha,HEDNPTXF4F8O2CK
248.8,Senepol,Fêmea,15,Média energia,Sul,33.7,67.2,449.4,158,1.27,1.2,Novilha,C1J6PJ69CELMX5P
312.0,Hereford,Fêmea,13,Baixa energia,Cerrado,32.7,38.3,475.5,170,0.96,1.1,Novilha,59ULUUFIALNFAV7
297.4,Nelore,Fêmea,22,Baixa energia,Nordeste,31.1,58.4,591.6,119,2.47,1.8,Novilha,KCFFTUBZ4Z5JWFW
327.4,Nelore,Macho,24,Média energia,Cerrado,22.5,277.9,598.5,162,1.67,2.0,Novilha,13N57V4GUPTS5OE
298.6,Nelore,Macho,26,Baixa energia,Sul,21.8,248.2,517.5,95,2.3,2.2,Touro,KO2D9WOC5JVNQUO
285.2,Angus,Fêmea,23,Baixa energia,Nordeste,21.0,112.7,468.7,178,1.03,1.9,Novilha,OAXLJ4KPINS4I9Z
214.1,Brahman,Macho,22,Média energia,Sul,30.9,200.2,504.1,108,2.69,1.8,Novilha,HXHS3VIDHA1F9KE
255.2,Senepol,Fêmea,18,Baixa energia,Sul,33.9,165.8,456.9,169,1.19,1.5,Novilha,XRT1ME3AVRE4F0Y
239.8,Hereford,Fêmea,16,Baixa energia,Nordeste,26.5,206.4,413.9,174,1.0,1.3,Novilha,21PLTR7W0QU4CQZ
236.6,Hereford,Macho,28,Baixa energia,Cerrado,21.8,208.0,471.1,155,1.51,2.3,Touro,WF1HHS2W5J0A2C4
346.0,Angus,Macho,20,Média energia,Cerrado,27.7,192.3,637.6,99,2.95,1.7,Novilha,KVR8FCEI1S10MU0
259.0,Nelore,Macho,25,Baixa energia,Cerrado,25.2,87.2,409.6,105,1.43,2.1,Touro,FKQG3UAY5HE3HS3
333.8,Angus,Fêmea,23,Média energia,Cerrado,25.6,21.3,519.5,126,1.47,1.9,Novilha,O90MN3MPG08O18G
294.7,Brahman,Macho,17,Média energia,Nordeste,29.3,142.1,585.5,168,1.73,1.4,Novilha,T55ZTROVVUBRWMI
319.2,Brahman,Fêmea,28,Alta energia,Nordeste,30.8,268.4,494.9,166,1.06,2.3,Vaca,GABDN59BNTYH1UW
275.4,Senepol,Macho,27,Alta energia,Nordeste,21.7,175.2,442.4,166,1.01,2.2,Touro,5H4P0R8O0QB477C
286.5,Senepol,Macho,23,Baixa energia,Sul,20.5,251.4,522.0,121,1.95,1.9,Novilha,QNN8A2D6Q1ZH7R4
273.9,Brahman,Fêmea,23,Média energia,Nordeste,34.9,297.6,553.2,136,2.05,1.9,Novilha,0PJLVPLKTA0CL3I
229.3,Brahman,Fêmea,17,Alta energia,Cerrado,23.5,57.4,450.9,161,1.38,1.4,Novilha,ADO0HWO04H3RDVC
308.4,Brahman,Fêmea,15,Baixa energia,Sul,20.8,210.6,607.6,132,2.27,1.2,Novilha,O86NAZHPJZ1LTN8
242.1,Angus,Fêmea,17,Alta energia,Cerrado,22.8,205.5,494.0,171,1.47,1.4,Novilha,2LRBBQJRVSAX9Y9
203.6,Brahman,Fêmea,22,Alta energia,Cerrado,20.6,294.2,364.7,125,1.29,1.8,Novilha,44BSLJ4VWWOZCWT
296.8,Hereford,Fêmea,12,Média energia,Nordeste,25.9,295.8,595.7,115,2.6,1.0,Bezerro,HRF09OEIGTJZDXN
226.6,Nelore,Fêmea,26,Média energia,Nordeste,32.0,209.1,437.8,99,2.13,2.2,Vaca,AQX0GI8LUCOUJ6F
341.1,Brahman,Fêmea,22,Alta energia,Cerrado,25.1,80.6,534.2,120,1.61,1.8,Novilha,B26DD2TWRYAO7T0
343.1,Nelore,Macho,29,Alta energia,Cerrado,26.7,241.6,576.8,118,1.98,2.4,Touro,VE7CQXXCGYCO22J
337.2,Angus,Fêmea,28,Média energia,Sul,30.1,41.0,532.8,94,2.08,2.3,Vaca,5WINDT1N7M461Y5
255.5,Nelore,Fêmea,25,Baixa energia,Nordeste,27.6,236.4,418.5,166,0.98,2.1,Vaca,I14QWMJPFKC1OMQ
202.3,Angus,Macho,29,Média energia,Sul,32.9,274.0,352.5,90,1.67,2.4,Touro,G1MQO91OK4D870J
339.2,Hereford,Fêmea,26,Alta energia,Sul,33.0,121.0,556.6,176,1.24,2.2,Vaca,3T22WUJL36RNVUA
264.2,Angus,Macho,26,Baixa energia,Sul,20.1,192.9,539.7,92,2.99,2.2,Touro,O9V56WBB2CG929W
345.0,Angus,Macho,15,Alta energia,Cerrado,31.7,134.7,580.8,156,1.51,1.2,Novilha,P47AROQJTFH75DT
344.5,Senepol,Fêmea,18,Baixa energia,Sul,26.9,137.0,644.4,160,1.87,1.5,Novilha,XXZY9GJLAYPESDF
328.0,Brahman,Macho,24,Alta energia,Sul,34.8,100.0,521.0,124,1.56,2.0,Novilha,ZINIOTH5US24FD2
244.2,Brahman,Fêmea,14,Baixa energia,Cerrado,27.2,231.0,436.3,104,1.85,1.2,Novilha,CAOU4GQSC382N81
257.8,Hereford,Macho,27,Baixa energia,Nordeste,34.8,281.5,431.8,156,1.12,2.2,Touro,3ZG4E8N90X2VHOE
327.7,Hereford,Macho,20,Alta energia,Nordeste,31.3,282.8,502.3,119,1.47,1.7,Novilha,DKR3OFPI70M90IE
247.5,Brahman,Macho,19,Baixa energia,Sul,23.7,60.7,440.3,171,1.13,1.6,Novilha,V4C3U8F15Y58VX3
225.4,Senepol,Fêmea,24,Média energia,Cerrado,28.1,263.7,494.3,164,1.64,2.0,Novilha,54W6Y9X4MJWR569
283.5,Brahman,Fêmea,28,Alta energia,Nordeste,34.9,223.9,569.4,132,2.17,2.3,Vaca,1PPRHPKFAL1QA5H
340.4,Senepol,Macho,28,Média energia,Sul,32.9,83.3,636.7,149,1.99,2.3,Touro,XJJ9YJSOPB2D24Q
304.4,Hereford,Macho,28,Alta energia,Sul,21.5,29.5,489.2,129,1.43,2.3,Touro,J0O4UZ9QCNM0AQ7
285.5,Nelore,Fêmea,12,Baixa energia,Cerrado,30.6,87.7,567.7,154,1.83,1.0,Bezerro,NQC7YB7Z4I3TU2Y
214.6,Hereford,Fêmea,19,Baixa energia,Sul,25.2,274.5,413.8,118,1.69,1.6,Novilha,YIZPLXZTIW24STW
292.3,Hereford,Macho,17,Baixa energia,Nordeste,20.1,193.6,459.2,163,1.02,1.4,Novilha,03U8GVJWO37MDRW
348.5,Angus,Macho,14,Alta energia,Cerrado,26.1,219.1,629.0,108,2.6,1.2,Novilha,67798Q1N7KM6B72
221.0,Angus,Fêmea,16,Média energia,Nordeste,23.5,84.6,466.4,92,2.67,1.3,Novilha,DLZ1CTJR040AFK7
277.7,Angus,Fêmea,24,Média energia,Nordeste,32.3,218.6,452.4,125,1.4,2.0,Novilha,TUURUSDMR2YM0SA
331.6,Angus,Fêmea,26,Alta energia,Nordeste,25.1,18.2,546.1,132,1.62,2.2,Vaca,SAQUVO5D5DA6GIA
311.1,Senepol,Fêmea,25,Alta energia,Sul,32.4,118.8,504.2,104,1.86,2.1,Vaca,PRFBIDWHYP8QR0O
304.6,Brahman,Fêmea,27,Média energia,Sul,20.0,191.8,565.1,130,2.0,2.2,Vaca,QEPO7SHJEZVWMIT
305.4,Nelore,Macho,29,Média energia,Nordeste,24.6,52.4,523.4,179,1.22,2.4,Touro,1X6T3IQ9NSGC65K
253.9,Hereford,Fêmea,22,Média energia,Nordeste,23.6,248.7,552.3,169,1.77,1.8,Novilha,BZDQQ13WX2D2S02
244.0,Senepol,Macho,14,Média energia,Cerrado,23.5,78.2,402.2,125,1.27,1.2,Novilha,98FWHBMU4909WUM
321.4,Nelore,Fêmea,21,Alta energia,Cerrado,21.0,199.2,524.7,173,1.18,1.8,Novilha,ZGVW3RRJ3ZGGEAR
321.5,Senepol,Macho,21,Alta energia,Sul,22.8,127.5,543.8,166,1.34,1.8,Novilha,MYHJ5QOOTO8F3H4
330.1,Senepol,Fêmea,27,Baixa energia,Sul,28.3,182.9,555.6,122,1.85,2.2,Vaca,5ORMXN1KFYAYB5M
337.0,Hereford,Fêmea,23,Média energia,Cerrado,24.4,41.2,534.4,94,2.1,1.9,Novilha,65X0DXW27U3ZTPC
276.7,Brahman,Macho,13,Baixa energia,Nordeste,26.3,14.9,536.1,167,1.55,1.1,Novilha,YWA6OQ7QDMDGIW6
275.2,Angus,Macho,20,Alta energia,Sul,25.7,273.8,556.4,176,1.6,1.7,Novilha,6TDA70UXO8YIQUM
319.7,Brahman,Fêmea,14,Alta energia,Nordeste,33.1,88.2,610.5,103,2.82,1.2,Novilha,CDD1GZKXJMSSLV3
297.5,Hereford,Fêmea,26,Baixa energia,Cerrado,33.6,247.7,568.3,157,1.72,2.2,Vaca,L2UKR0LW7WYD33M
305.3,Hereford,Fêmea,14,Média energia,Sul,27.4,299.8,582.9,172,1.61,1.2,Novilha,NHXR8YQ5XGM0E9Z
319.4,Hereford,Fêmea,29,Média energia,Sul,25.0,71.3,552.0,136,1.71,2.4,Vaca,4JZVL506TMNVR2P
333.5,Nelore,Fêmea,19,Média energia,Cerrado,21.6,86.9,607.4,143,1.92,1.6,Novilha,87CDEJ254BL0E0W
250.7,Brahman,Macho,28,Média energia,Sul,34.3,202.2,446.2,93,2.1,2.3,Touro,6DUX4XJB4YDKQBF
256.3,Brahman,Macho,19,Baixa energia,Cerrado,20.9,290.0,466.1,172,1.22,1.6,Novilha,IET2UI1H4T0HU1W
214.1,Senepol,Fêmea,18,Baixa energia,Sul,24.5,275.6,411.6,98,2.02,1.5,Novilha,FCEIGDEKO7MGF3V
286.7,Senepol,Macho,18,Alta energia,Cerrado,24.5,155.8,506.8,142,1.55,1.5,Novilha,Y1TCEAOZC7E4MAV
205.4,Senepol,Macho,14,Média energia,Sul,24.8,240.6,398.2,166,1.16,1.2,Novilha,OZRIAIWBNRP2KFC
269.8,Hereford,Macho,12,Média energia,Nordeste,22.5,49.4,564.0,167,1.76,1.0,Bezerro,NB54KVC46XAO00L
281.4,Brahman,Fêmea,15,Média energia,Nordeste,31.7,293.5,478.3,149,1.32,1.2,Novilha,C35WBG755NC59QC
243.0,Hereford,Macho,16,Baixa energia,Nordeste,21.8,289.7,407.7,135,1.22,1.3,Novilha,JRCJIK69Z0VZVE8
288.6,Nelore,Fêmea,12,Média energia,Sul,29.5,57.5,517.6,143,1.6,1.0,Bezerro,B8IRLCRG6FRVI8W
204.6,Senepol,Macho,26,Baixa energia,Sul,21.9,96.8,363.2,163,0.97,2.2,Touro,LXIMQGQXB81S6UJ
205.6,Hereford,Fêmea,16,Média energia,Nordeste,21.1,39.0,372.2,126,1.32,1.3,Novilha,IF8RSEYKJQ9Z45U
323.4,Hereford,Macho,24,Média energia,Nordeste,33.6,88.8,506.3,112,1.63,2.0,Novilha,RRANHBO79AUA5T9
254.0,Nelore,Fêmea,19,Alta energia,Cerrado,22.9,246.6,473.7,116,1.89,1.6,Novilha,3GVJH0JNKFU6SXR
219.1,Angus,Fêmea,19,Média energia,Cerrado,32.3,119.7,434.1,159,1.35,1.6,Novilha,8SX7VDJBH61JA7C
278.3,Brahman,Macho,16,Média energia,Cerrado,28.2,35.6,548.3,179,1.51,1.3,Novilha,IEJLRUUACEYHQI5
315.5,Angus,Fêmea,20,Alta energia,Nordeste,21.2,109.2,576.4,155,1.68,1.7,Novilha,FUGG0HI1OBGRVJ6
232.4,Senepol,Fêmea,12,Baixa energia,Nordeste,34.3,294.6,446.3,150,1.43,1.0,Bezerro,GCN9MPPEYZMZAHD
293.4,Hereford,Fêmea,15,Baixa energia,Nordeste,23.7,192.6,493.5,166,1.21,1.2,Novilha,UVCSA2W6WEGFVML
212.8,Nelore,Fêmea,14,Média energia,Cerrado,32.9,130.7,410.3,140,1.41,1.2,Novilha,DH4ZH62E1QWIB54
207.8,Nelore,Fêmea,13,Baixa energia,Sul,22.5,58.3,473.9,139,1.91,1.1,Novilha,G3CIJZA3OYFRACQ
279.7,Brahman,Fêmea,19,Média energia,Nordeste,32.8,296.0,437.5,108,1.46,1.6,Novilha,HQYL2Y9Y2KDNQBH
281.1,Angus,Fêmea,20,Alta energia,Sul,20.2,248.0,433.0,90,1.69,1.7,Novilha,9JG9PNPYD2FAACA
295.6,Brahman,Fêmea,13,Alta energia,Sul,27.7,91.6,564.9,129,2.09,1.1,Novilha,AU356V3DWYLQOJ8
308.9,Hereford,Macho,25,Média energia,Sul,31.5,30.3,530.5,121,1.83,2.1,Touro,2LAAJRBHVVZZIU4
346.4,Brahman,Macho,25,Alta energia,Cerrado,34.0,26.4,516.0,111,1.53,2.1,Touro,FN6GXIKWBO891DJ
277.4,Nelore,Fêmea,15,Alta energia,Sul,33.6,44.9,462.7,155,1.2,1.2,Novilha,F38J5CZOQ0RSLXE
248.4,Nelore,Fêmea,17,Média energia,Nordeste,32.3,178.4,538.3,129,2.25,1.4,Novilha,X03O70T5DEHVGV3
319.3,Senepol,Macho,22,Média energia,Cerrado,33.3,279.3,598.2,127,2.2,1.8,Novilha,POECWJEWORYH4UB
240.6,Senepol,Macho,14,Alta energia,Nordeste,23.0,154.1,497.1,137,1.87,1.2,Novilha,VHW5HD3SWR2W6R6
265.8,Hereford,Macho,19,Baixa energia,Nordeste,24.3,254.5,488.1,144,1.54,1.6,Novilha,G1A7S4MXEWSA665
211.8,Angus,Fêmea,14,Baixa energia,Cerrado,24.3,139.3,439.8,164,1.39,1.2,Novilha,1LIK6S7G4BS5JHZ
203.8,Brahman,Macho,25,Média energia,Nordeste,25.7,215.5,500.1,170,1.74,2.1,Touro,3KTTIHO7X60UE8U
344.4,Hereford,Fêmea,24,Média energia,Nordeste,25.9,222.2,639.3,144,2.05,2.0,Novilha,DP4Z8F6UP7OFBX1
325.4,Senepol,Fêmea,24,Baixa energia,Cerrado,28.2,60.4,507.7,140,1.3,2.0,Novilha,AA19THAZYJLGLQE
304.4,Brahman,Macho,13,Alta energia,Nordeste,22.4,114.8,576.1,149,1.82,1.1,Novilha,N7Q8A9OSESELSL9
261.3,Senepol,Fêmea,24,Baixa energia,Sul,30.4,194.8,440.9,97,1.85,2.0,Novilha,LR76R2EYX26J6WK
226.0,Brahman,Fêmea,17,Baixa energia,Nordeste,22.5,30.5,408.0,175,1.04,1.4,Novilha,XXGUTJY9OFBLDWM
223.5,Angus,Fêmea,27,Baixa energia,Sul,24.7,114.8,474.9,157,1.6,2.2,Vaca,Q4PZ1ALTB9OV5T9
237.5,Hereford,Fêmea,13,Baixa energia,Nordeste,27.6,165.1,448.3,164,1.29,1.1,Novilha,6OC20E4V8GFZASG
282.4,Brahman,Macho,19,Média energia,Cerrado,31.9,298.9,572.1,161,1.8,1.6,Novilha,9LTWY324RSDAOHO
307.2,Nelore,Macho,28,Média energia,Cerrado,31.1,147.6,470.6,98,1.67,2.3,Touro,OVRPB9TPC3B8ZEB
299.0,Nelore,Fêmea,13,Alta energia,Nordeste,29.7,246.7,525.7,179,1.27,1.1,Novilha,T77TYTYNLEBP3X3
242.0,Brahman,Fêmea,21,Alta energia,Cerrado,22.3,135.3,529.8,91,3.16,1.8,Novilha,KNWPUD6NSE94R43
343.2,Brahman,Macho,27,Alta energia,Nordeste,28.2,241.0,628.8,169,1.69,2.2,Touro,U3DEJ0P3M9UOTTE
310.7,Brahman,Fêmea,17,Alta energia,Cerrado,21.3,182.7,484.2,159,1.09,1.4,Novilha,5F3ZM2EYMX4THIU
283.2,Nelore,Macho,13,Baixa energia,Sul,25.7,267.1,488.2,174,1.18,1.1,Novilha,TOZKK03S7WACC1N
291.8,Nelore,Fêmea,13,Média energia,Nordeste,26.2,129.2,534.7,179,1.36,1.1,Novilha,3EONNHHS542KM0S
262.9,Brahman,Fêmea,24,Média energia,Sul,20.6,185.2,436.8,148,1.18,2.0,Novilha,ZI15C5EHNCXM2H4
237.2,Senepol,Macho,26,Alta energia,Sul,24.1,192.7,532.4,108,2.73,2.2,Touro,ZRRGP6CD9DIQQ6T
253.4,Senepol,Macho,13,Alta energia,Nordeste,34.3,131.0,540.6,117,2.45,1.1,Novilha,NV0CX3HVYJ2AUXI
313.7,Angus,Macho,18,Baixa energia,Sul,34.3,51.9,488.7,161,1.09,1.5,Novilha,ZIT899IVAEISH5M
202.2,Hereford,Macho,14,Baixa energia,Nordeste,25.3,37.1,370.4,103,1.63,1.2,Novilha,T93J4Y2XUIBDH5N
217.4,Senepol,Fêmea,19,Alta energia,Sul,20.6,14.8,380.2,113,1.44,1.6,Novilha,MUXRZ564R8LY4J7
206.9,Nelore,Macho,25,Média energia,Nordeste,22.7,263.3,493.3,133,2.15,2.1,Touro,CH52VTF2Q47DBL8
206.1,Senepol,Fêmea,18,Média energia,Nordeste,25.9,78.6,385.1,145,1.23,1.5,Novilha,FHU8OGOFQDV5V0O
328.3,Angus,Macho,18,Média energia,Cerrado,34.2,71.3,540.7,179,1.19,1.5,Novilha,V1I79IOTH1SPKH6
305.5,Angus,Macho,12,Alta energia,Nordeste,22.1,223.5,522.8,140,1.55,1.0,Bezerro,JR8C01FNGJO42Q2
271.1,Hereford,Fêmea,28,Média energia,Nordeste,31.5,102.8,511.0,121,1.98,2.3,Vaca,OZLYED4CCZQJBXK
214.7,Senepol,Macho,20,Baixa energia,Sul,21.6,156.8,375.5,139,1.16,1.7,Novilha,X8W5W7SBBOU8E0X
273.7,Nelore,Macho,24,Baixa energia,Nordeste,34.7,57.1,457.7,130,1.42,2.0,Novilha,GF6Q3HGFDAO4Y68
271.0,Nelore,Macho,28,Alta energia,Cerrado,25.7,288.3,560.7,155,1.87,2.3,Touro,EE9QN2H7A292E5X
226.0,Brahman,Macho,21,Baixa energia,Sul,31.6,257.0,512.3,114,2.51,1.8,Novilha,SLAGQ7GQC2V2E3W
265.1,Nelore,Fêmea,21,Alta energia,Sul,25.1,260.5,532.3,150,1.78,1.8,Novilha,UZUTWDUUAOQNS7F
259.8,Hereford,Fêmea,15,Média energia,Cerrado,29.4,128.0,412.7,155,0.99,1.2,Novilha,FEG6MAM0GCY6QNW
292.4,Hereford,Macho,19,Média energia,Sul,22.9,231.1,491.5,131,1.52,1.6,Novilha,X20W49QC9EOFJ5W
295.3,Nelore,Macho,29,Média energia,Sul,22.2,51.7,539.5,154,1.59,2.4,Touro,QTOVFDWS4C1CNR0
206.8,Nelore,Macho,25,Baixa energia,Sul,34.1,12.5,398.1,125,1.53,2.1,Touro,JOSIDOHAG4RL36G
256.2,Brahman,Fêmea,29,Alta energia,Sul,33.8,15.8,542.6,165,1.74,2.4,Vaca,1CF4OG30QRVZ0XH
293.9,Nelore,Fêmea,25,Média energia,Cerrado,33.3,180.1,539.0,98,2.5,2.1,Vaca,U2UC400I66Z14AT
275.5,Brahman,Fêmea,26,Alta energia,Cerrado,29.4,142.1,436.3,125,1.29,2.2,Vaca,LQO7PDH7YO1IBQJ
328.5,Brahman,Fêmea,15,Média energia,Sul,32.1,160.2,614.9,127,2.26,1.2,Novilha,I4BXSQJ11ACOJUO
298.8,Nelore,Macho,24,Baixa energia,Sul,21.0,12.2,592.5,122,2.41,2.0,Novilha,WNOJIEYZHVYLIJJ
224.4,Angus,Macho,19,Baixa energia,Cerrado,25.0,132.6,386.1,131,1.23,1.6,Novilha,IZ804SFO2ENBWSX
210.6,Angus,Macho,29,Alta energia,Cerrado,24.7,218.2,440.5,150,1.53,2.4,Touro,T0XQY411VEH1LYO
296.4,Brahman,Fêmea,23,Baixa energia,Cerrado,29.5,138.4,491.9,135,1.45,1.9,Novilha,7MHM9F5UGZOWOP5
204.0,Nelore,Macho,25,Baixa energia,Sul,25.3,222.3,412.9,175,1.19,2.1,Touro,RTBW3CAV2N1U5FA
287.9,Angus,Fêmea,13,Alta energia,Sul,22.2,77.6,464.8,178,0.99,1.1,Novilha,UDC347STWYOWBO8
341.0,Nelore,Fêmea,29,Média energia,Nordeste,28.9,245.8,577.7,150,1.58,2.4,Vaca,JN0N86A7SXD9M5I
286.3,Nelore,Macho,13,Baixa energia,Cerrado,32.2,180.6,580.0,107,2.74,1.1,Novilha,PCTJVCKYHIO5CD3
258.2,Nelore,Macho,22,Alta energia,Sul,25.7,71.1,483.7,159,1.42,1.8,Novilha,MUSVT4JRTRKVR7W
296.5,Senepol,Macho,20,Baixa energia,Cerrado,22.0,78.6,458.9,171,0.95,1.7,Novilha,AJAI4GQ8R6DWKI3
268.7,Nelore,Fêmea,23,Baixa energia,Sul,23.0,192.1,511.7,169,1.44,1.9,Novilha,HELAOYRZCVZS9UZ
281.8,Senepol,Fêmea,28,Baixa energia,Cerrado,23.6,250.7,482.8,104,1.93,2.3,Vaca,M9XZUROOF41H2UQ
341.2,Brahman,Macho,26,Baixa energia,Sul,24.5,130.5,619.6,137,2.03,2.2,Touro,X947BC3HGLSZ1ON
257.9,Angus,Macho,28,Alta energia,Nordeste,29.6,84.9,473.1,161,1.34,2.3,Touro,NC2FW1NNTM08BX2
344.2,Angus,Fêmea,29,Alta energia,Nordeste,29.0,261.4,523.1,102,1.75,2.4,Vaca,CDBTO5A8GMAN2CX
335.8,Angus,Macho,17,Alta energia,Cerrado,30.4,204.1,514.5,132,1.35,1.4,Novilha,AJM9IN9JW8G8BOI
229.4,Angus,Fêmea,28,Baixa energia,Sul,25.4,139.9,494.7,149,1.78,2.3,Vaca,QRORXWLWUZH37BE
210.4,Angus,Fêmea,29,Baixa energia,Sul,32.4,151.5,400.2,146,1.3,2.4,Vaca,46DFWSHMAFG0O7W
215.1,Angus,Macho,19,Baixa energia,Cerrado,23.1,69.2,480.2,160,1.66,1.6,Novilha,XO8DQ4J0FFODGZ4
202.7,Angus,Macho,20,Alta energia,Sul,27.0,191.8,383.6,106,1.71,1.7,Novilha,B1MR3KMX2E8SMEN
214.2,Brahman,Macho,17,Baixa energia,Cerrado,32.0,114.0,412.5,139,1.43,1.4,Novilha,VIZE2VC1NNKIFAY
302.5,Nelore,Macho,16,Média energia,Sul,22.7,298.7,522.3,121,1.82,1.3,Novilha,PO7QCCQAGZS3NMT
210.7,Hereford,Fêmea,23,Baixa energia,Cerrado,21.6,149.3,502.2,111,2.63,1.9,Novilha,Z0YILJF7SFBOQP1
247.8,Senepol,Fêmea,22,Média energia,Sul,33.3,150.9,537.6,144,2.01,1.8,Novilha,UHJJJI1XS6DCLRW
326.7,Hereford,Fêmea,12,Baixa energia,Cerrado,25.1,174.1,507.7,146,1.24,1.0,Bezerro,TF7B3I07XQ29L4I
203.5,Hereford,Macho,22,Alta energia,Sul,30.3,275.9,407.2,102,2.0,1.8,Novilha,SQBEPQ0GHHW5RLO
322.2,Nelore,Fêmea,20,Baixa energia,Nordeste,20.4,242.2,494.6,136,1.27,1.7,Novilha,14IHSH7D4C8S2JL
242.3,Nelore,Macho,13,Média energia,Sul,30.4,140.8,468.8,176,1.29,1.1,Novilha,33RX5IXZCWKJ9M2
217.7,Nelore,Macho,23,Média energia,Cerrado,24.7,218.4,436.8,151,1.45,1.9,Novilha,MZTETNNHMXOAV7C
304.5,Angus,Macho,15,Baixa energia,Nordeste,20.8,180.0,589.6,143,1.99,1.2,Novilha,ZNHPUJYVDD3B29U
294.3,Brahman,Macho,15,Média energia,Sul,29.1,152.8,583.8,118,2.45,1.2,Novilha,UUDAZBIRKYZ98C8
331.6,Angus,Macho,29,Média energia,Nordeste,23.6,65.8,539.1,111,1.87,2.4,Touro,VHOGSQA2M2FE7KI
310.3,Brahman,Macho,26,Alta energia,Sul,25.8,144.5,534.1,154,1.45,2.2,Touro,IHCMS75P9RN3BM0
320.5,Brahman,Fêmea,24,Baixa energia,Nordeste,21.2,81.3,604.9,118,2.41,2.0,Novilha,Q4OTEGRK50Z1BTD
242.3,Hereford,Macho,28,Baixa energia,Cerrado,22.2,275.3,513.3,137,1.98,2.3,Touro,MX29BRHOQWBF207
226.6,Hereford,Fêmea,17,Baixa energia,Sul,24.5,107.3,377.1,94,1.6,1.4,Novilha,RJQM0B74WG6LLSI
312.6,Brahman,Fêmea,27,Média energia,Sul,21.3,286.2,510.6,124,1.6,2.2,Vaca,JQJLO4O1D9A7Q6U
321.0,Brahman,Macho,23,Baixa energia,Cerrado,33.7,164.6,534.3,163,1.31,1.9,Novilha,Z9E6AFBEZMLEBD0
348.6,Angus,Macho,16,Baixa energia,Nordeste,20.1,193.1,533.1,172,1.07,1.3,Novilha,JMBZOJVYOMHUUV6
261.9,Angus,Macho,28,Alta energia,Cerrado,27.3,167.5,441.8,160,1.12,2.3,Touro,0V3I8RE0F5HURNO
255.8,Hereford,Fêmea,12,Alta energia,Cerrado,21.8,47.5,411.5,135,1.15,1.0,Bezerro,Z515MORFK5T6H8E
316.5,Nelore,Macho,21,Alta energia,Nordeste,24.6,119.0,563.0,124,1.99,1.8,Novilha,8NUXQR7LPDY71KM
251.1,Brahman,Fêmea,26,Média energia,Cerrado,33.9,38.8,440.5,134,1.41,2.2,Vaca,4YJXAY19RFBCH4S
339.6,Angus,Macho,22,Baixa energia,Sul,22.4,190.7,497.5,102,1.55,1.8,Novilha,FNCA3SSIGGIDYLF
328.8,Hereford,Macho,24,Alta energia,Sul,34.5,139.6,513.4,99,1.86,2.0,Novilha,RUOCBD5B2B70R9S
264.3,Angus,Fêmea,16,Alta energia,Sul,23.1,235.6,534.6,155,1.74,1.3,Novilha,0TUW3Y407HSZ1D4
312.6,Brahman,Fêmea,12,Alta energia,Cerrado,31.1,73.9,590.3,159,1.75,1.0,Bezerro,PJJI99SSLMY9Y13
313.2,Brahman,Macho,23,Baixa energia,Sul,28.2,57.7,535.7,161,1.38,1.9,Novilha,EQRUVFPBA3WASCB
215.5,Senepol,Fêmea,22,Baixa energia,Sul,33.3,127.8,427.9,114,1.86,1.8,Novilha,Q1R6OV05S11JTYU
335.4,Nelore,Fêmea,28,Baixa energia,Sul,28.3,278.7,632.1,133,2.23,2.3,Vaca,NVZKGQRGTKP0KPW
275.8,Senepol,Fêmea,15,Média energia,Sul,28.0,216.0,455.9,149,1.21,1.2,Novilha,LCBX27TRNRBAT7K
324.0,Hereford,Fêmea,26,Média energia,Sul,22.9,131.5,506.3,136,1.34,2.2,Vaca,0WCL34WATFK8D2J
248.0,Angus,Fêmea,20,Alta energia,Sul,22.5,160.0,441.8,129,1.5,1.7,Novilha,2AHQS6O4UCB8PUL
334.3,Hereford,Macho,23,Baixa energia,Cerrado,33.7,34.4,510.2,96,1.83,1.9,Novilha,1L6TU9VZGGHZXXL
258.4,Brahman,Macho,16,Alta energia,Sul,24.9,295.5,465.3,135,1.53,1.3,Novilha,HICU4XDTPJZ2EK2
201.6,Senepol,Fêmea,21,Baixa energia,Sul,25.6,203.3,488.2,112,2.56,1.8,Novilha,OFOT7BPS7NX15JI
335.8,Senepol,Macho,28,Baixa energia,Nordeste,31.4,92.8,578.1,172,1.41,2.3,Touro,X922W04GDNJ7ZWI
213.7,Senepol,Macho,16,Baixa energia,Cerrado,25.1,179.9,425.5,135,1.57,1.3,Novilha,HNGGICNQVZ1NIZB
247.9,Hereford,Fêmea,27,Média energia,Cerrado,34.3,41.7,538.1,175,1.66,2.2,Vaca,KQ7SRMEWX2HZOA1
342.5,Brahman,Macho,18,Média energia,Cerrado,31.1,290.1,499.8,102,1.54,1.5,Novilha,N74FE4OOE16KFWB
342.6,Angus,Fêmea,20,Baixa energia,Cerrado,29.0,60.7,524.1,110,1.65,1.7,Novilha,OWVI3P3IAHR0R55
286.0,Angus,Fêmea,14,Alta energia,Sul,33.2,197.9,520.9,90,2.61,1.2,Novilha,99U54PNXY8QDKO3
294.8,Hereford,Macho,26,Baixa energia,Sul,20.7,81.2,537.1,108,2.24,2.2,Touro,XB7W4M6G5GMX15R
267.3,Senepol,Fêmea,27,Baixa energia,Nordeste,23.9,218.1,423.2,149,1.05,2.2,Vaca,77A4APO6W7QYF4E
244.0,Nelore,Fêmea,29,Alta energia,Nordeste,27.0,235.3,454.5,122,1.73,2.4,Vaca,3ELGMDCLA0MQH5T
249.3,Hereford,Fêmea,25,Baixa energia,Cerrado,23.4,205.3,496.7,93,2.66,2.1,Vaca,Q788XR6WY0AUJ4Y
300.9,Hereford,Fêmea,14,Alta energia,Nordeste,31.2,188.2,555.6,92,2.77,1.2,Novilha,TBO1MNB78YOLI4N
312.9,Brahman,Fêmea,23,Média energia,Nordeste,33.8,268.8,558.6,141,1.74,1.9,Novilha,2HCBPS3P41DJR53
318.7,Angus,Macho,20,Média energia,Cerrado,26.4,32.8,516.8,117,1.69,1.7,Novilha,9I92P1UB81946WQ
318.4,Hereford,Macho,18,Alta energia,Cerrado,25.1,106.0,482.4,159,1.03,1.5,Novilha,AW0Y5SXCL8OQ5GS
213.7,Hereford,Fêmea,20,Média energia,Nordeste,34.4,82.0,427.8,159,1.35,1.7,Novilha,GEUGWKJU6T68790
274.2,Senepol,Fêmea,24,Média energia,Sul,26.7,296.5,443.5,144,1.18,2.0,Novilha,SE2JM2ELMVOMAAK
208.6,Senepol,Macho,29,Alta energia,Nordeste,27.3,122.9,500.7,146,2.0,2.4,Touro,V8F14HEQIJTNNZ2
282.4,Nelore,Fêmea,16,Média energia,Nordeste,25.3,222.5,503.7,176,1.26,1.3,Novilha,0YP97P6CWKR2EX2
266.2,Brahman,Macho,24,Baixa energia,Sul,33.6,208.6,463.8,105,1.88,2.0,Novilha,2ZCBYSBSA08EDQU
333.2,Nelore,Fêmea,15,Baixa energia,Sul,28.5,71.5,598.1,113,2.34,1.2,Novilha,4VK7OJ5414FNWPY
252.6,Senepol,Fêmea,13,Alta energia,Cerrado,31.4,79.3,477.3,158,1.42,1.1,Novilha,B7Y9PRM07KAM3ER
217.6,Angus,Fêmea,27,Média energia,Cerrado,32.2,91.6,414.1,130,1.51,2.2,Vaca,NM5GHGP4062H6SU
221.4,Senepol,Fêmea,20,Baixa energia,Nordeste,25.1,129.2,493.2,166,1.64,1.7,Novilha,UYWK6TYZL56JDOF
314.2,Brahman,Fêmea,20,Baixa energia,Sul,26.5,78.0,594.3,136,2.06,1.7,Novilha,0EER18V7DRZV6N4
292.7,Senepol,Fêmea,17,Média energia,Cerrado,32.7,15.7,543.7,165,1.52,1.4,Novilha,JXUH547WYGSGHNA
215.2,Brahman,Fêmea,22,Média energia,Nordeste,25.4,265.0,372.2,158,0.99,1.8,Novilha,MC1O9CDEZYJHLC0
212.6,Brahman,Macho,12,Baixa energia,Sul,31.9,290.0,447.5,120,1.96,1.0,Bezerro,W6NW4ML8RUAIWNK
305.1,Brahman,Macho,15,Baixa energia,Nordeste,34.1,109.1,569.6,119,2.22,1.2,Novilha,G4XZ37EES1ZW3C1
210.9,Brahman,Macho,24,Alta energia,Cerrado,29.3,108.2,381.4,107,1.59,2.0,Novilha,6CESAIE76Y2YICO
323.3,Brahman,Fêmea,24,Alta energia,Cerrado,31.1,12.1,507.6,133,1.39,2.0,Novilha,DTWH66GVEOUYQGS
305.9,Angus,Fêmea,24,Baixa energia,Sul,32.1,207.3,588.3,116,2.43,2.0,Novilha,GXKA5BOUXQI8TSR
212.2,Nelore,Fêmea,13,Alta energia,Nordeste,32.7,249.4,365.2,115,1.33,1.1,Novilha,T3AXXS3Z2MDQ6E1
212.7,Hereford,Fêmea,20,Baixa energia,Sul,25.9,52.5,475.6,149,1.76,1.7,Novilha,XQKLMHAI1BNMBDL
348.0,Nelore,Fêmea,19,Baixa energia,Cerrado,20.8,56.3,569.1,107,2.07,1.6,Novilha,JCDFWECJSNU1U9X
256.1,Brahman,Fêmea,18,Alta energia,Cerrado,26.0,239.1,473.1,178,1.22,1.5,Novilha,QVSJKB6489W9ZYQ
255.6,Angus,Fêmea,15,Alta energia,Nordeste,30.1,188.7,406.7,145,1.04,1.2,Novilha,ODVQVQNNQH7Z3VP
321.9,Senepol,Macho,29,Média energia,Nordeste,26.8,23.0,594.8,120,2.27,2.4,Touro,3PX98FDRFZ0KPSO
342.1,Angus,Fêmea,14,Média energia,Nordeste,31.2,190.5,546.1,148,1.38,1.2,Novilha,Z4SXIWDJISO7SU7
347.9,Brahman,Macho,17,Média energia,Sul,25.4,99.6,579.0,91,2.54,1.4,Novilha,QRQBAJEL94IZOPM
313.0,Angus,Macho,23,Baixa energia,Nordeste,29.5,116.9,564.6,128,1.97,1.9,Novilha,Y3GD3J3G98X9T5Z
256.4,Angus,Fêmea,23,Alta energia,Nordeste,22.8,233.2,511.8,150,1.7,1.9,Novilha,Z988L69N6XO4QLV
212.5,Brahman,Fêmea,19,Baixa energia,Cerrado,31.2,245.2,505.9,152,1.93,1.6,Novilha,WZNLDMR1SCSTYKQ
316.6,Angus,Macho,12,Alta energia,Cerrado,28.2,126.1,546.3,107,2.15,1.0,Bezerro,8NSC7V0U40BIS9J
283.8,Hereford,Macho,15,Baixa energia,Nordeste,23.1,284.7,493.8,106,1.98,1.2,Novilha,GDOLFI8HGDMSGJY
263.6,Hereford,Fêmea,22,Média energia,Nordeste,24.4,127.9,556.7,128,2.29,1.8,Novilha,8Y2LLFJBYGWK9WG
336.0,Angus,Fêmea,14,Média energia,Cerrado,31.2,233.8,582.3,160,1.54,1.2,Novilha,0MQ5ZVMLGA6NQDA
216.7,Senepol,Macho,24,Média energia,Nordeste,27.2,150.3,411.4,143,1.36,2.0,Novilha,X77XOQMGI8WWZAN
273.9,Brahman,Fêmea,28,Baixa energia,Sul,23.2,270.3,442.9,165,1.02,2.3,Vaca,5JAEC0VRPBMPHHJ
201.7,Hereford,Fêmea,21,Alta energia,Sul,34.5,273.3,478.1,124,2.23,1.8,Novilha,64LIIR35WKTS9ZJ
270.3,Senepol,Fêmea,23,Alta energia,Sul,30.7,35.4,474.6,100,2.04,1.9,Novilha,XM729G3QMX40UAO
208.4,Angus,Macho,26,Média energia,Nordeste,34.4,281.6,457.5,150,1.66,2.2,Touro,CFN6HZONTS69XJ7
217.8,Senepol,Macho,21,Média energia,Cerrado,26.4,249.4,438.4,133,1.66,1.8,Novilha,99PORGV5SA8ELLU
217.6,Nelore,Macho,25,Média energia,Nordeste,27.1,239.5,397.4,157,1.15,2.1,Touro,SI95845535BKTIS
297.4,Hereford,Fêmea,24,Média energia,Nordeste,33.5,68.3,537.7,114,2.11,2.0,Novilha,GEXGKI3CVT5GGTY
311.9,Angus,Fêmea,16,Alta energia,Cerrado,27.9,243.5,471.0,137,1.16,1.3,Novilha,8XMDLQAQBFKRY1P
287.5,Brahman,Macho,17,Baixa energia,Cerrado,30.6,256.5,499.5,121,1.75,1.4,Novilha,L2WUPZVJGIYOMZU
344.3,Angus,Macho,13,Baixa energia,Cerrado,23.8,93.9,576.3,173,1.34,1.1,Novilha,W1LXMBLN3S4YDM9
256.2,Brahman,Macho,28,Baixa energia,Sul,26.7,286.2,471.6,93,2.32,2.3,Touro,CPZSO5UAF0W4LUB
242.9,Angus,Fêmea,15,Baixa energia,Nordeste,21.9,24.5,505.2,127,2.07,1.2,Novilha,EITRVH7IG3R0PUE
330.3,Senepol,Macho,25,Média energia,Cerrado,23.1,53.5,604.5,152,1.8,2.1,Touro,2VNS8XFC7BOO5UQ
233.5,Senepol,Macho,21,Média energia,Nordeste,20.0,165.9,499.2,136,1.95,1.8,Novilha,75W86YU7S0IEEYZ
344.5,Senepol,Fêmea,14,Média energia,Sul,20.6,177.0,500.3,90,1.73,1.2,Novilha,S39PGRU4AC4YHAG
201.8,Nelore,Fêmea,14,Baixa energia,Sul,34.7,197.1,380.9,92,1.95,1.2,Novilha,GHSQKKBD16KCEUV
345.5,Brahman,Fêmea,26,Média energia,Cerrado,23.6,14.9,576.0,175,1.32,2.2,Vaca,KVMCM1KKUUGQN6K
206.5,Senepol,Macho,17,Média energia,Cerrado,29.9,288.5,496.7,151,1.92,1.4,Novilha,MA7IM3GNF7P9FHX
333.7,Nelore,Fêmea,28,Alta energia,Nordeste,32.6,22.9,608.9,153,1.8,2.3,Vaca,CD5A7ILJJWFXXU4
279.2,Brahman,Fêmea,23,Alta energia,Cerrado,28.3,51.5,555.6,106,2.61,1.9,Novilha,37RL8GYFAPD21VH
348.9,Angus,Macho,22,Média energia,Nordeste,22.3,14.1,544.4,167,1.17,1.8,Novilha,56M0RRMVNKV9Q5N
211.1,Nelore,Fêmea,15,Alta energia,Cerrado,30.9,174.4,425.5,151,1.42,1.2,Novilha,2FDKJ1K8OHTUA2X
283.1,Hereford,Macho,17,Alta energia,Nordeste,29.0,280.4,503.7,124,1.78,1.4,Novilha,386TPI4Q4WF3GK7
345.4,Nelore,Macho,12,Média energia,Nordeste,31.0,203.1,519.0,102,1.7,1.0,Bezerro,L0LMHP2824MLB6H
278.5,Nelore,Fêmea,27,Média energia,Nordeste,31.5,248.6,433.2,124,1.25,2.2,Vaca,51OWXMULMW1NQX7
294.4,Brahman,Fêmea,26,Média energia,Nordeste,34.6,13.9,586.4,132,2.21,2.2,Vaca,VJHUGZMP34E5PIV
304.4,Angus,Fêmea,28,Média energia,Sul,28.6,167.2,490.5,91,2.05,2.3,Vaca,NPTOZIA8TFJ6P9F
268.2,Hereford,Fêmea,19,Baixa energia,Nordeste,25.1,143.3,454.2,145,1.28,1.6,Novilha,S4BR1DAPB9AWZKA
294.1,Senepol,Fêmea,23,Baixa energia,Cerrado,29.7,154.7,456.6,166,0.98,1.9,Novilha,KXJNNGWV90BSGLC
287.6,Senepol,Fêmea,21,Média energia,Sul,21.0,30.9,576.9,140,2.07,1.8,Novilha,EHN9GG5HLJNI3EA
335.2,Nelore,Macho,26,Alta energia,Sul,33.5,208.5,572.2,143,1.66,2.2,Touro,ATKZCFKH2J7XQ5K
206.8,Brahman,Macho,20,Média energia,Nordeste,21.8,155.9,456.9,105,2.38,1.7,Novilha,7XE27PYH2YW7C37
242.1,Brahman,Fêmea,13,Média energia,Sul,24.9,231.9,528.8,107,2.68,1.1,Novilha,52IBGEH5RRPUJDH
342.6,Senepol,Macho,16,Alta energia,Nordeste,32.2,150.7,544.4,96,2.1,1.3,Novilha,SI3QODFPZWMQ0VS
333.5,Hereford,Fêmea,17,Baixa energia,Cerrado,29.0,53.3,576.7,134,1.81,1.4,Novilha,8MN4BNIJG1Y1BQD
268.3,Angus,Macho,18,Média energia,Nordeste,25.9,198.0,424.1,125,1.25,1.5,Novilha,MRC6XH8B6LVMJQE
293.0,Hereford,Macho,12,Média energia,Sul,27.1,60.0,471.0,130,1.37,1.0,Bezerro,IMW3DUIGPWW4EFA
241.6,Angus,Macho,18,Baixa energia,Cerrado,32.8,263.0,516.3,131,2.1,1.5,Novilha,1RXM6JG5VPXNKSW
228.2,Senepol,Fêmea,23,Baixa energia,Nordeste,25.1,187.8,493.2,96,2.76,1.9,Novilha,7M1P1D1LP9TZZVI
269.6,Angus,Macho,27,Alta energia,Cerrado,33.0,55.6,472.2,104,1.95,2.2,Touro,EQ7BG9MT33K4CBC
253.0,Brahman,Fêmea,27,Baixa energia,Cerrado,21.3,289.1,459.5,149,1.39,2.2,Vaca,OQGE76PCUHVEQN1
287.5,Nelore,Macho,22,Baixa energia,Sul,31.7,160.3,517.5,129,1.78,1.8,Novilha,4Q8V2JR8PG3SWHQ
211.7,Nelore,Macho,15,Baixa energia,Cerrado,32.7,31.1,361.7,172,0.87,1.2,Novilha,UZ16S2TTJL6YYDD
346.2,Senepol,Macho,24,Alta energia,Sul,22.7,191.8,532.4,126,1.48,2.0,Novilha,IOZOZ1G5L85INM6
347.9,Brahman,Macho,18,Baixa energia,Cerrado,26.5,83.4,529.1,155,1.17,1.5,Novilha,5S3PLJBRM2XL2V9
304.7,Hereford,Macho,15,Baixa energia,Nordeste,22.5,243.1,492.3,144,1.3,1.2,Novilha,A776D3TZOGG2W7T
280.4,Brahman,Fêmea,26,Alta energia,Cerrado,30.6,247.2,551.3,166,1.63,2.2,Vaca,O6QTMXGHWNDUJV3
246.4,Nelore,Fêmea,20,Baixa energia,Nordeste,28.0,293.9,438.4,169,1.14,1.7,Novilha,3PKV2YNNBMC3R9U
322.1,Nelore,Macho,22,Baixa energia,Nordeste,29.5,155.5,500.8,145,1.23,1.8,Novilha,SP1DOAPT6QEEM93
302.7,Brahman,Macho,19,Alta energia,Cerrado,22.9,141.9,528.3,133,1.7,1.6,Novilha,DWUUFX4SLNLOS1E
224.4,Brahman,Macho,12,Média energia,Nordeste,23.2,228.5,504.2,146,1.92,1.0,Bezerro,EFWC6UTAQ2HZ17Z
336.6,Nelore,Macho,19,Alta energia,Cerrado,20.6,48.4,522.8,95,1.96,1.6,Novilha,MMYWVU3KD6LI5KX
323.4,Hereford,Fêmea,24,Baixa energia,Cerrado,24.8,168.6,485.2,121,1.34,2.0,Novilha,GH6YAC16A08JLJ7
342.5,Senepol,Macho,15,Baixa energia,Nordeste,28.4,168.4,546.0,163,1.25,1.2,Novilha,X1VPM99WN5C0SVA
308.9,Senepol,Fêmea,19,Baixa energia,Nordeste,32.9,35.9,571.0,107,2.45,1.6,Novilha,E6S9FO96X0KW624
292.0,Brahman,Macho,14,Alta energia,Sul,30.0,131.2,524.6,157,1.48,1.2,Novilha,A7RRFA3D5JEIEK8
262.7,Senepol,Fêmea,20,Baixa energia,Nordeste,26.5,257.5,535.2,162,1.68,1.7,Novilha,0DJ6HX6SBK8QCV8
339.9,Nelore,Macho,13,Baixa energia,Sul,34.3,258.3,633.8,96,3.06,1.1,Novilha,UYBAGTF9U89HDPC
329.9,Nelore,Macho,13,Alta energia,Nordeste,30.8,38.8,598.8,97,2.77,1.1,Novilha,GBAAGXEU1RX56JI
206.8,Brahman,Fêmea,24,Média energia,Cerrado,34.0,36.3,447.4,153,1.57,2.0,Novilha,66GD1W5PJN97XRP
204.0,Brahman,Macho,26,Média energia,Nordeste,27.9,86.2,428.0,96,2.33,2.2,Touro,YHXT3TRD9FCRRW8
256.5,Brahman,Macho,23,Baixa energia,Cerrado,23.9,263.7,412.5,130,1.2,1.9,Novilha,FZUXO05LEGV0O8Z
321.6,Hereford,Macho,15,Alta energia,Cerrado,20.8,47.4,619.2,129,2.31,1.2,Novilha,WMZC2B1W9FK7QC7
348.1,Senepol,Fêmea,19,Baixa energia,Cerrado,30.9,218.8,555.6,92,2.26,1.6,Novilha,V22EJJIUMJKD478
222.6,Brahman,Macho,20,Alta energia,Sul,21.8,39.3,395.4,106,1.63,1.7,Novilha,6H56HN7HGMU5KNK
289.1,Angus,Macho,16,Alta energia,Nordeste,24.5,190.7,539.1,155,1.61,1.3,Novilha,B7QNY0HQELRZ4FO
257.1,Angus,Fêmea,29,Média energia,Cerrado,28.0,113.3,449.7,168,1.15,2.4,Vaca,ZLNAQ624H3MPBR8
345.5,Nelore,Fêmea,22,Média energia,Cerrado,28.5,238.8,583.4,141,1.69,1.8,Novilha,SMDSY49DGPEW95X
326.3,Senepol,Fêmea,26,Alta energia,Sul,29.0,77.8,564.3,111,2.14,2.2,Vaca,Y1SGQBPRACU3KVY
325.7,Brahman,Macho,20,Baixa energia,Nordeste,22.5,195.4,542.6,93,2.33,1.7,Novilha,C3X9WHD429MIUCY
270.3,Angus,Macho,28,Média energia,Nordeste,25.7,78.3,545.7,95,2.9,2.3,Touro,YL2KKZNPJ449JZT
262.2,Senepol,Macho,23,Baixa energia,Sul,29.3,217.0,451.9,127,1.49,1.9,Novilha,IOIGZXLTNVP25S8
241.0,Nelore,Fêmea,18,Média energia,Sul,34.5,263.4,458.3,115,1.89,1.5,Novilha,5TTH8MFPE7F6OON
208.5,Hereford,Macho,21,Média energia,Nordeste,30.9,46.8,439.2,100,2.31,1.8,Novilha,EZQP8WM62770OIZ
329.7,Senepol,Macho,21,Baixa energia,Sul,33.8,261.3,579.2,179,1.39,1.8,Novilha,C9ETTEJPYY3NV13
321.9,Senepol,Fêmea,24,Média energia,Nordeste,31.4,182.1,589.5,106,2.52,2.0,Novilha,ST8VOK7XFQ149IJ
350.0,Hereford,Fêmea,22,Média energia,Nordeste,28.9,46.9,559.2,177,1.18,1.8,Novilha,U742K6AUWIAUVDA
349.5,Senepol,Fêmea,24,Baixa energia,Cerrado,22.9,134.0,596.4,120,2.06,2.0,Novilha,JO92E20YPP9YAET
283.3,Nelore,Fêmea,19,Média energia,Cerrado,30.0,56.6,455.9,166,1.04,1.6,Novilha,E927RBP26P8QDDY
315.3,Nelore,Fêmea,19,Média energia,Nordeste,29.4,213.1,605.2,124,2.34,1.6,Novilha,6NXKY1G9J94SRF1
341.7,Hereford,Macho,15,Média energia,Nordeste,29.0,230.1,549.2,105,1.98,1.2,Novilha,GL7YQ6WIFBICPYX
327.4,Brahman,Fêmea,26,Baixa energia,Nordeste,27.3,40.7,586.8,168,1.54,2.2,Vaca,2Z8WDNGHSBAMX53
237.1,Angus,Macho,22,Alta energia,Nordeste,27.9,156.8,390.2,107,1.43,1.8,Novilha,F6WJOW9AHCNQ7FE
267.6,Brahman,Macho,22,Baixa energia,Nordeste,25.0,246.2,448.4,151,1.2,1.8,Novilha,28R3OOP6JSC9DK6
219.4,Senepol,Fêmea,12,Alta energia,Nordeste,27.8,281.5,442.5,116,1.92,1.0,Bezerro,15PIKF0LVU6Q2JR
343.1,Angus,Fêmea,28,Média energia,Sul,23.0,158.9,624.8,124,2.27,2.3,Vaca,M0J5CV0C6BKJ6GO
290.9,Hereford,Fêmea,26,Alta energia,Nordeste,32.1,285.6,520.0,134,1.71,2.2,Vaca,ZK0GAJUO33HXSCO
234.3,Hereford,Macho,17,Baixa energia,Sul,22.8,165.3,523.8,124,2.33,1.4,Novilha,9FRS3ML7LXD9NQC
300.8,Angus,Fêmea,26,Baixa energia,Sul,21.3,124.3,523.4,117,1.9,2.2,Vaca,WMIUHQPP1PNT72C
292.7,Nelore,Fêmea,20,Média energia,Nordeste,26.5,256.0,516.3,98,2.28,1.7,Novilha,JTB05JQ6FRIHY4D
253.7,Angus,Fêmea,25,Alta energia,Nordeste,29.9,153.0,421.7,165,1.02,2.1,Vaca,T1AWMPZ4AQPJ4J7
217.0,Senepol,Fêmea,29,Média energia,Sul,26.6,146.9,487.4,104,2.6,2.4,Vaca,F11MLBHIHCIMI4Y
300.7,Nelore,Fêmea,28,Média energia,Sul,24.2,152.2,487.7,110,1.7,2.3,Vaca,H44QSC3J2RLWKIX
278.0,Hereford,Macho,29,Baixa energia,Nordeste,28.4,255.6,562.9,141,2.02,2.4,Touro,YYILK1HJY9IHCR8
315.8,Angus,Macho,16,Alta energia,Nordeste,25.2,251.3,602.4,124,2.31,1.3,Novilha,Q91OSVFGITKBV9E
278.0,Brahman,Macho,20,Alta energia,Sul,34.0,127.0,569.5,140,2.08,1.7,Novilha,GFVJT1W8A2IIVBP
327.8,Brahman,Fêmea,22,Alta energia,Sul,33.8,106.7,555.8,172,1.33,1.8,Novilha,FM6SO6JAL2QD2GM
282.8,Senepol,Fêmea,12,Alta energia,Sul,27.5,152.7,534.4,144,1.75,1.0,Bezerro,EF7G1JDCYW0N5WC
284.1,Brahman,Fêmea,29,Média energia,Cerrado,24.9,176.1,550.9,176,1.52,2.4,Vaca,8M7XALHSI1N0RF6
331.5,Angus,Macho,17,Média energia,Sul,31.1,79.1,501.2,166,1.02,1.4,Novilha,YMW96U79QJWB8NB
260.5,Angus,Fêmea,13,Baixa energia,Cerrado,20.6,240.2,500.6,133,1.81,1.1,Novilha,SPYAB0B3JSPMH4Y
220.1,Brahman,Fêmea,26,Média energia,Nordeste,27.1,151.1,375.2,154,1.01,2.2,Vaca,U2FR80EGJJ19J88
204.3,Angus,Fêmea,25,Média energia,Nordeste,25.0,106.9,428.9,177,1.27,2.1,Vaca,TMKS1DSN419SAW1
313.3,Senepol,Macho,16,Baixa energia,Sul,33.8,41.0,486.5,169,1.02,1.3,Novilha,DRYRFSLY8AEAHRI
293.0,Nelore,Fêmea,17,Baixa energia,Nordeste,20.2,79.3,470.4,114,1.56,1.4,Novilha,ED2A3ACVHRYT43P
305.6,Senepol,Macho,17,Baixa energia,Nordeste,28.3,285.3,510.4,176,1.16,1.4,Novilha,BQJGIQIIXKHYBJX
231.9,Senepol,Fêmea,29,Média energia,Nordeste,31.1,98.5,446.8,136,1.58,2.4,Vaca,PS4KFF5MC8QC7LX
220.5,Angus,Macho,25,Média energia,Nordeste,27.3,59.0,464.0,169,1.44,2.1,Touro,FK0XR0U76RCXAFS
202.2,Nelore,Macho,21,Baixa energia,Cerrado,21.3,143.6,363.4,145,1.11,1.8,Novilha,VHEIU1DXHQ7TPJ7
252.6,Angus,Macho,25,Baixa energia,Cerrado,34.6,99.1,478.2,127,1.78,2.1,Touro,J33YGTQC9ZJ7NH0
288.5,Hereford,Fêmea,24,Baixa energia,Sul,27.8,20.2,465.9,100,1.77,2.0,Novilha,JOV4B4NJ39ON420
258.8,Angus,Fêmea,14,Média energia,Sul,29.2,103.7,494.9,156,1.51,1.2,Novilha,UIT8OXP9KHCSC9Y
265.6,Angus,Macho,17,Média energia,Sul,23.5,167.8,511.2,104,2.36,1.4,Novilha,9KPQXQTVFGNKLEE
335.6,Angus,Macho,19,Alta energia,Nordeste,27.3,170.0,569.1,90,2.59,1.6,Novilha,TOZ63XWIC9GVN2P
252.2,Nelore,Fêmea,23,Média energia,Nordeste,26.4,113.4,512.9,96,2.72,1.9,Novilha,7JGY0O51IGPZ8QW
277.1,Angus,Fêmea,24,Média energia,Cerrado,21.1,139.7,477.4,90,2.23,2.0,Novilha,HB452CHB4T2QJVF
317.5,Nelore,Macho,22,Média energia,Cerrado,21.6,290.0,582.3,138,1.92,1.8,Novilha,74LLPYV0XLRPDL6
259.5,Brahman,Fêmea,23,Baixa energia,Sul,32.6,119.4,474.4,162,1.33,1.9,Novilha,VR60SNY7XWE9X9E
293.3,Hereford,Fêmea,12,Média energia,Cerrado,23.6,84.9,515.9,118,1.89,1.0,Bezerro,F9DJAUC40QWM0TM
329.4,Nelore,Fêmea,28,Baixa energia,Cerrado,22.9,80.6,576.6,115,2.15,2.3,Vaca,XCJAMN6BB4D7SIX
342.4,Brahman,Fêmea,27,Alta energia,Cerrado,27.6,142.8,495.2,176,0.87,2.2,Vaca,M3SJNTDE5FNFNL0
222.1,Nelore,Macho,22,Alta energia,Cerrado,31.5,230.3,470.2,134,1.85,1.8,Novilha,ZLHJPZH2TQSQA2N
339.0,Nelore,Fêmea,24,Baixa energia,Cerrado,20.9,69.7,581.8,160,1.52,2.0,Novilha,QM27062SXNEX743
273.8,Hereford,Fêmea,29,Baixa energia,Sul,28.7,215.7,470.3,101,1.95,2.4,Vaca,I01ZR9HRT52RGA1
238.7,Senepol,Macho,22,Baixa energia,Sul,21.8,16.1,401.6,121,1.35,1.8,Novilha,6DT941CFWG9AFX9
268.9,Senepol,Macho,23,Média energia,Cerrado,20.5,131.5,432.5,109,1.5,1.9,Novilha,X25YJ8Y05LDZCQI
347.0,Nelore,Fêmea,17,Alta energia,Sul,20.8,235.0,635.5,140,2.06,1.4,Novilha,2ART718PUM85FMM
273.9,Angus,Fêmea,20,Baixa energia,Nordeste,32.5,108.2,527.3,170,1.49,1.7,Novilha,L61CRZBD11YZB73
249.3,Brahman,Fêmea,27,Média energia,Cerrado,21.8,173.5,418.4,125,1.35,2.2,Vaca,UW6B0V7PTZPFWHF
295.0,Angus,Fêmea,15,Alta energia,Nordeste,20.7,69.4,498.5,156,1.3,1.2,Novilha,VF5QQWM5VGVUFNP
236.0,Angus,Macho,14,Média energia,Sul,26.6,225.2,474.9,90,2.65,1.2,Novilha,CIU335WCACGC9CD
211.4,Nelore,Macho,27,Alta energia,Sul,32.7,25.2,486.7,116,2.37,2.2,Touro,4BN4B4VJ36SYA5Y
219.3,Nelore,Macho,23,Média energia,Nordeste,23.9,257.2,375.8,129,1.21,1.9,Novilha,QNMB55FYCRCEX7X
219.2,Nelore,Fêmea,22,Alta energia,Sul,26.3,67.5,404.7,173,1.07,1.8,Novilha,917P9GRF172DNEY
222.8,Nelore,Fêmea,16,Alta energia,Cerrado,20.6,263.6,506.3,103,2.75,1.3,Novilha,HOSKT9RNYPRAAAU
220.8,Senepol,Fêmea,29,Média energia,Nordeste,26.7,112.2,372.2,158,0.96,2.4,Vaca,Y0JL156HZB87F4W
296.1,Nelore,Fêmea,17,Baixa energia,Cerrado,28.7,219.6,476.3,176,1.02,1.4,Novilha,L1OSLBKYU9ILJE6
227.3,Senepol,Macho,29,Alta energia,Nordeste,28.6,102.6,521.2,168,1.75,2.4,Touro,EP2R2FR54KZ10S0
251.9,Senepol,Macho,17,Baixa energia,Sul,25.0,272.7,493.9,95,2.55,1.4,Novilha,TCP2O3A235J0H98
334.5,Nelore,Fêmea,15,Média energia,Nordeste,24.7,46.7,523.8,122,1.55,1.2,Novilha,99YTQWY4F8DTAZ7
271.1,Hereford,Macho,23,Baixa energia,Nordeste,21.6,61.8,431.1,144,1.11,1.9,Novilha,JWXM204J4JX6N87
300.1,Brahman,Fêmea,13,Baixa energia,Cerrado,25.5,153.0,454.3,108,1.43,1.1,Novilha,QU5COH5Z3I5KV7R
225.8,Angus,Fêmea,28,Baixa energia,Sul,21.5,33.8,412.5,166,1.12,2.3,Vaca,SRRLD0EFMWYD5OZ
228.8,Senepol,Macho,22,Baixa energia,Cerrado,31.5,66.8,511.0,118,2.39,1.8,Novilha,KIKB0ZHUUHAMI1F
206.1,Brahman,Fêmea,22,Baixa energia,Sul,34.5,283.7,418.5,150,1.42,1.8,Novilha,W9QILVLFIC7HJIN
225.3,Hereford,Fêmea,27,Alta energia,Cerrado,34.6,293.2,483.4,159,1.62,2.2,Vaca,05DB6UAKAKGBOHZ
241.8,Angus,Macho,13,Alta energia,Nordeste,33.0,119.1,529.5,168,1.71,1.1,Novilha,8UH5HJWD3WEUFQY
226.6,Angus,Fêmea,13,Alta energia,Cerrado,29.0,277.8,437.8,169,1.25,1.1,Novilha,XVMQN7ZSZCB1BVG
213.3,Senepol,Fêmea,19,Média energia,Sul,30.5,168.0,392.0,113,1.58,1.6,Novilha,DTFI4Z9Z1EJRO6E
218.1,Nelore,Macho,24,Baixa energia,Sul,24.3,88.2,445.7,112,2.03,2.0,Novilha,VVVOQ1VUQERQDGY
269.1,Hereford,Fêmea,21,Alta energia,Nordeste,29.5,213.7,555.3,99,2.89,1.8,Novilha,ISIW454QV83ZF75
231.0,Senepol,Macho,19,Média energia,Sul,26.8,201.1,501.7,143,1.89,1.6,Novilha,YMBEKKXN38UEB7K
254.6,Hereford,Fêmea,15,Alta energia,Cerrado,27.2,296.8,414.5,130,1.23,1.2,Novilha,9KIF75L5QD6I73T
275.5,Nelore,Macho,26,Alta energia,Nordeste,31.4,86.9,529.4,138,1.84,2.2,Touro,W8WWW1S3UXUZ9Z6
303.6,Nelore,Macho,12,Baixa energia,Sul,24.2,204.9,539.4,106,2.22,1.0,Bezerro,9DIHB2WF9UVI7ZA
205.9,Senepol,Macho,22,Média energia,Sul,24.8,25.1,492.0,145,1.97,1.8,Novilha,9EVDBPPVAOXDRQG
319.9,Nelore,Fêmea,18,Baixa energia,Cerrado,33.9,43.0,488.3,134,1.26,1.5,Novilha,JABV528QLX33TGG
294.2,Brahman,Macho,28,Baixa energia,Cerrado,20.8,11.1,524.3,119,1.93,2.3,Touro,3L4RB6K7P86UTHZ
212.3,Angus,Macho,29,Alta energia,Nordeste,27.3,299.8,494.2,133,2.12,2.4,Touro,6Z346KEBMRZYNEB
331.0,Senepol,Macho,23,Baixa energia,Sul,33.7,242.7,542.5,163,1.3,1.9,Novilha,DLKDIJ0FO4VF62U
338.1,Hereford,Macho,20,Média energia,Cerrado,29.2,238.1,560.4,144,1.54,1.7,Novilha,3U9VTVK4MRVQY5O
209.2,Brahman,Macho,16,Baixa energia,Nordeste,28.2,157.8,369.8,108,1.49,1.3,Novilha,MZKM6A095O4FYRV
241.5,Senepol,Fêmea,21,Baixa energia,Sul,23.7,97.0,433.2,118,1.62,1.8,Novilha,49IC60AIEOI1MXJ
320.9,Nelore,Fêmea,15,Baixa energia,Sul,25.1,53.9,519.6,91,2.18,1.2,Novilha,VVTJJZY1MOFLS5K
312.2,Nelore,Fêmea,16,Alta energia,Nordeste,32.8,92.6,604.0,125,2.33,1.3,Novilha,6BO9EOJQ7XJ3CCE
227.7,Nelore,Fêmea,21,Média energia,Nordeste,28.4,119.0,420.1,108,1.78,1.8,Novilha,1NKHHLOS1GG3RXF
231.4,Nelore,Fêmea,22,Alta energia,Cerrado,27.7,229.3,450.5,96,2.28,1.8,Novilha,DCFZK2TJZ0N9LWU
255.6,Hereford,Fêmea,21,Alta energia,Sul,21.5,166.5,506.3,115,2.18,1.8,Novilha,HIX4YQ2CUHNPR4K
272.7,Brahman,Fêmea,19,Alta energia,Sul,20.2,32.5,447.0,168,1.04,1.6,Novilha,TDT4TKAR69R48OF
292.7,Angus,Macho,13,Alta energia,Sul,34.5,15.2,515.7,127,1.76,1.1,Novilha,HVAMXUDGLMPFN49
255.3,Hereford,Fêmea,19,Alta energia,Nordeste,25.7,39.7,516.1,92,2.83,1.6,Novilha,8JQ3GRSOV3T5YWE
269.4,Hereford,Macho,27,Média energia,Cerrado,29.0,129.0,549.4,169,1.66,2.2,Touro,30GEOHIKV78MK5O
312.1,Angus,Macho,16,Baixa energia,Sul,21.2,280.6,556.0,155,1.57,1.3,Novilha,AXVCNB56FY7KGVJ
205.5,Angus,Fêmea,14,Alta energia,Nordeste,30.2,194.8,455.9,160,1.56,1.2,Novilha,UFA7N90IF4Q9U01
237.9,Nelore,Macho,23,Alta energia,Sul,34.0,242.5,406.8,132,1.28,1.9,Novilha,P898SU6WF5VC8PY
307.0,Hereford,Macho,24,Média energia,Cerrado,28.6,145.2,598.9,151,1.93,2.0,Novilha,QM1KJXX6Q98FP15
334.3,Senepol,Macho,24,Média energia,Sul,21.9,114.9,504.2,160,1.06,2.0,Novilha,ZKY4UCLYQ99SBQ3
276.8,Angus,Macho,21,Baixa energia,Cerrado,28.7,41.4,543.0,113,2.36,1.8,Novilha,J896ARD0Y1VYQLP
279.8,Angus,Fêmea,15,Média energia,Cerrado,31.5,264.0,469.5,128,1.48,1.2,Novilha,PQ4OM0UBHGJD98C
216.1,Brahman,Fêmea,20,Baixa energia,Sul,26.1,237.1,506.1,157,1.85,1.7,Novilha,RX57BBJWOLQRNQO
267.1,Senepol,Fêmea,13,Alta energia,Sul,33.2,58.8,525.1,133,1.94,1.1,Novilha,LP5W77P7G6DGRDK
279.9,Senepol,Fêmea,12,Alta energia,Cerrado,29.7,158.6,543.0,94,2.8,1.0,Bezerro,TKOQ7L18H0VXB4V
236.4,Angus,Fêmea,18,Baixa energia,Nordeste,33.5,151.3,419.3,144,1.27,1.5,Novilha,ANY99CEAS63LJ7P
240.4,Nelore,Fêmea,28,Média energia,Cerrado,29.4,191.3,456.9,119,1.82,2.3,Vaca,2OK7938IRSDF65P
256.6,Brahman,Fêmea,14,Baixa energia,Sul,22.0,284.4,499.3,118,2.06,1.2,Novilha,KV9WZ42EY7LVIT2
203.0,Senepol,Fêmea,14,Média energia,Sul,24.6,178.1,468.5,115,2.31,1.2,Novilha,20QEMOORBWMDYKL
248.3,Angus,Fêmea,14,Alta energia,Nordeste,23.0,166.7,413.9,172,0.96,1.2,Novilha,MIFJWOW7P5EQVR1
231.7,Senepol,Fêmea,28,Média energia,Cerrado,33.6,24.6,526.1,115,2.56,2.3,Vaca,MAS7DCJ17S9CWQG
249.1,Brahman,Macho,18,Baixa energia,Cerrado,31.4,28.2,532.6,126,2.25,1.5,Novilha,ZRF42I8QL9XJ32J
218.0,Brahman,Fêmea,25,Baixa energia,Cerrado,30.1,64.3,408.6,142,1.34,2.1,Vaca,1RQKAQ99I16CHFF
333.6,Hereford,Macho,28,Alta energia,Sul,24.5,19.4,607.0,119,2.3,2.3,Touro,2LISQ58NPULX7HU
289.0,Angus,Macho,29,Média energia,Cerrado,22.8,225.6,516.7,92,2.48,2.4,Touro,H1PJODZO95DI81I
301.9,Brahman,Macho,24,Média energia,Nordeste,31.3,219.8,521.2,132,1.66,2.0,Novilha,BCEJ1ONWMP3HQ3Q
318.4,Hereford,Macho,29,Média energia,Sul,27.1,49.5,515.6,96,2.05,2.4,Touro,8AXYBYN6Q4JFY37
274.8,Hereford,Fêmea,15,Alta energia,Sul,23.4,252.5,511.9,138,1.72,1.2,Novilha,RX00USWOB8T1OP6
213.0,Senepol,Macho,12,Média energia,Cerrado,29.2,54.9,472.5,162,1.6,1.0,Bezerro,LT2CEBWZZGJEL54
280.6,Senepol,Fêmea,29,Baixa energia,Nordeste,20.6,97.3,492.2,130,1.63,2.4,Vaca,VQTTH7W1M2HKRYV
288.0,Hereford,Fêmea,12,Média energia,Sul,24.9,82.2,532.4,166,1.47,1.0,Bezerro,82UGL9X50555ZKR
311.8,Senepol,Macho,24,Alta energia,Sul,27.0,118.0,566.7,168,1.52,2.0,Novilha,EPK8KW7QJRHZCXC
264.7,Brahman,Fêmea,21,Média energia,Cerrado,22.2,83.9,521.4,143,1.8,1.8,Novilha,B8QI9V47XIBU70G
219.1,Nelore,Macho,22,Média energia,Cerrado,34.8,151.8,376.9,158,1.0,1.8,Novilha,VDN7WYAO5NUG9UL
242.6,Brahman,Macho,20,Baixa energia,Nordeste,23.1,128.1,521.6,116,2.41,1.7,Novilha,OOQ78NE3DO8JBX1
254.5,Hereford,Fêmea,20,Média energia,Cerrado,22.0,296.1,473.2,97,2.25,1.7,Novilha,V54SUCF5BX0IMNK
296.9,Hereford,Fêmea,16,Baixa energia,Nordeste,23.1,26.2,486.3,121,1.57,1.3,Novilha,NPJTP7PN1RZG7G6
285.6,Brahman,Macho,12,Baixa energia,Sul,31.5,51.2,471.9,173,1.08,1.0,Bezerro,8U15PJWOF6L94J7
253.4,Senepol,Fêmea,28,Alta energia,Nordeste,26.4,25.3,475.9,153,1.45,2.3,Vaca,JKNC6GDJOPDD90V
348.0,Senepol,Fêmea,13,Baixa energia,Nordeste,28.5,191.5,631.0,99,2.86,1.1,Novilha,VQ75F6H9EEJGL3Y
290.9,Hereford,Fêmea,24,Baixa energia,Nordeste,20.3,25.8,497.7,102,2.03,2.0,Novilha,1MVR0HFK2EGVD5S
235.6,Angus,Macho,20,Alta energia,Sul,20.5,252.6,498.1,152,1.73,1.7,Novilha,6AH5315Y76MYJ4K
215.3,Senepol,Macho,15,Baixa energia,Cerrado,26.7,158.5,379.8,124,1.33,1.2,Novilha,Y7TG682LEL28TAP
222.9,Brahman,Fêmea,16,Alta energia,Sul,32.2,162.8,444.3,150,1.48,1.3,Novilha,3IJMT2D1MCS1SQR
236.9,Senepol,Fêmea,22,Média energia,Cerrado,33.3,172.9,535.7,143,2.09,1.8,Novilha,RWI22BQ4138TP7N
224.1,Brahman,Fêmea,14,Alta energia,Nordeste,21.3,59.5,489.7,97,2.74,1.2,Novilha,ZTXRIST3Z48C2FA
228.0,Hereford,Fêmea,23,Baixa energia,Nordeste,28.1,67.3,409.6,118,1.54,1.9,Novilha,X7GKK9TPEX336TV
242.8,Senepol,Fêmea,24,Alta energia,Nordeste,33.7,102.5,468.0,130,1.73,2.0,Novilha,U08F5P1P0CU3VS4
226.0,Brahman,Macho,18,Baixa energia,Nordeste,25.8,182.1,411.0,119,1.55,1.5,Novilha,TSB0H0OLNGQZTJS
334.5,Hereford,Fêmea,26,Média energia,Nordeste,32.4,70.9,545.9,175,1.21,2.2,Vaca,R33YXJB58GG0J6G
212.0,Angus,Macho,18,Alta energia,Cerrado,22.0,43.7,479.0,110,2.43,1.5,Novilha,FFMMBSSBZFTWOF1
278.7,Brahman,Fêmea,19,Média energia,Cerrado,34.0,291.3,544.4,165,1.61,1.6,Novilha,8KHXU9GE2PFNBY4
261.6,Angus,Macho,16,Baixa energia,Nordeste,31.3,16.4,445.8,100,1.84,1.3,Novilha,MRQ1L8VAUAD5AMQ
347.4,Angus,Fêmea,25,Baixa energia,Sul,34.1,242.8,635.7,91,3.17,2.1,Vaca,LGCZ49ZC1Q3BHN8
216.8,Nelore,Macho,15,Média energia,Sul,30.1,238.5,455.7,139,1.72,1.2,Novilha,KOB5MQO6PMVW9JQ
259.7,Senepol,Fêmea,21,Alta energia,Nordeste,25.5,96.2,466.7,130,1.59,1.8,Novilha,3M33GJ8B3SCY7VN
345.4,Brahman,Macho,26,Alta energia,Cerrado,34.1,49.3,570.7,155,1.45,2.2,Touro,B5CHZ5KAODD1JKW
329.8,Angus,Macho,29,Baixa energia,Sul,24.1,52.2,570.6,92,2.62,2.4,Touro,CQV0PPC6B0OGIFL
322.6,Nelore,Macho,24,Média energia,Sul,25.0,212.3,556.6,169,1.38,2.0,Novilha,3TT0TG3HBNJRRPE
238.7,Hereford,Macho,19,Média energia,Sul,30.5,196.4,461.7,140,1.59,1.6,Novilha,4TW5QMMQOZ138VJ
225.6,Brahman,Macho,20,Alta energia,Nordeste,31.5,237.0,451.3,157,1.44,1.7,Novilha,K6FGLGBAWYRGC2J
300.3,Angus,Macho,27,Alta energia,Sul,33.9,281.9,476.8,176,1.0,2.2,Touro,E7HNFA6KXJWPP4F
339.4,Senepol,Fêmea,27,Alta energia,Sul,23.1,210.7,611.3,173,1.57,2.2,Vaca,3AYU8ELEII8AJ98
283.5,Nelore,Macho,18,Média energia,Sul,32.0,55.2,514.8,114,2.03,1.5,Novilha,QMF5KQEFJ63UQ0C
285.7,Angus,Fêmea,25,Alta energia,Sul,31.1,80.6,455.4,119,1.43,2.1,Vaca,2B297AZADNR7AVP
242.0,Senepol,Fêmea,25,Alta energia,Cerrado,21.0,254.2,506.9,171,1.55,2.1,Vaca,VP11VFYBGQ8TBG5
315.4,Angus,Fêmea,15,Baixa energia,Nordeste,25.8,70.7,605.3,100,2.9,1.2,Novilha,SLI0NBUDUVBQSXT
228.1,Brahman,Fêmea,26,Alta energia,Nordeste,24.2,31.0,520.2,106,2.76,2.2,Vaca,LYW75XYCY1LZHEK
248.6,Brahman,Fêmea,14,Alta energia,Cerrado,24.6,214.0,454.0,115,1.79,1.2,Novilha,80S519RJ5RLH6NB
263.8,Brahman,Macho,16,Média energia,Cerrado,34.7,126.7,434.1,112,1.52,1.3,Novilha,IE7SGQZ01TFH5S5
276.1,Nelore,Macho,12,Média energia,Nordeste,29.6,276.8,503.9,145,1.57,1.0,Bezerro,SXXQRLWRPP9WV6X
236.4,Brahman,Macho,14,Baixa energia,Sul,30.8,198.6,403.3,141,1.18,1.2,Novilha,T64HJAUY5JITTGK
217.2,Senepol,Fêmea,26,Alta energia,Sul,34.6,36.2,507.3,137,2.12,2.2,Vaca,USOFJPK8H1CBN2C
291.6,Angus,Macho,19,Baixa energia,Nordeste,25.7,284.9,469.1,109,1.63,1.6,Novilha,AOTV76ICBDP6IRP
243.3,Hereford,Macho,15,Média energia,Sul,32.0,85.0,431.2,91,2.06,1.2,Novilha,HW9CO6RWC3Q5GNO
287.2,Senepol,Macho,13,Baixa energia,Cerrado,26.5,107.8,498.2,177,1.19,1.1,Novilha,LHP7X2PEE3EM8YN
223.2,Senepol,Macho,21,Média energia,Sul,33.0,126.7,430.7,120,1.73,1.8,Novilha,ZRT7GJOQK70U4DQ
272.2,Brahman,Macho,15,Baixa energia,Sul,22.7,24.9,541.4,116,2.32,1.2,Novilha,TYWO6SOEP5V5MZQ
279.9,Nelore,Fêmea,14,Baixa energia,Sul,34.2,154.0,498.3,91,2.4,1.2,Novilha,E60EGR4FBMKZUBT
207.8,Angus,Macho,13,Alta energia,Nordeste,23.3,45.8,383.4,167,1.05,1.1,Novilha,QPENXDXICIR9SXD
250.5,Nelore,Fêmea,28,Baixa energia,Cerrado,24.9,126.3,440.6,93,2.04,2.3,Vaca,I6A8JLRNJJRXA3O
220.2,Angus,Fêmea,24,Alta energia,Sul,31.3,111.7,446.6,102,2.22,2.0,Novilha,H8RPUOEGG0YVMQM
209.5,Angus,Fêmea,16,Alta energia,Nordeste,25.9,234.1,381.6,124,1.39,1.3,Novilha,ZIE6D1ZDPV98YHQ
348.5,Nelore,Fêmea,20,Alta energia,Sul,29.1,242.9,590.2,161,1.5,1.7,Novilha,RL6WLKM80YCYJQC
248.4,Senepol,Fêmea,17,Alta energia,Cerrado,26.7,54.5,483.3,155,1.52,1.4,Novilha,VN0TRMFJ2FKY3TP
321.5,Angus,Macho,16,Baixa energia,Sul,31.1,116.3,578.7,95,2.71,1.3,Novilha,42F25IWPRSBJLRS
238.2,Nelore,Macho,21,Média energia,Cerrado,23.4,118.3,528.9,120,2.42,1.8,Novilha,0N7B6S03G0UGYR6
302.2,Angus,Macho,19,Média energia,Sul,20.9,53.9,589.0,99,2.9,1.6,Novilha,65YNDRJ88WYAROY
314.0,Hereford,Fêmea,18,Média energia,Cerrado,24.5,241.6,605.9,110,2.65,1.5,Novilha,5TQKMYTY4AP1U3C
289.3,Senepol,Macho,18,Baixa energia,Sul,27.1,215.1,476.0,163,1.15,1.5,Novilha,7F2C6KE5RT1MZPY
270.7,Brahman,Macho,17,Alta energia,Cerrado,22.5,65.2,440.4,112,1.52,1.4,Novilha,J2TZ5X4L9JFG40H
261.8,Angus,Fêmea,14,Média energia,Sul,25.3,116.3,457.1,92,2.12,1.2,Novilha,CUAOGOYC3ND9CEY
252.3,Hereford,Fêmea,26,Baixa energia,Sul,26.0,40.7,536.6,121,2.35,2.2,Vaca,4KHZB1JU16KA6CZ
339.4,Brahman,Fêmea,15,Alta energia,Nordeste,20.9,192.2,635.2,109,2.71,1.2,Novilha,ONWH9TF613QI1G1
324.6,Brahman,Fêmea,23,Média energia,Nordeste,28.7,45.2,603.5,163,1.71,1.9,Novilha,QEENFGQI4VIP97M
344.8,Angus,Macho,17,Alta energia,Cerrado,33.3,295.9,511.3,118,1.41,1.4,Novilha,SL9JP1SFD340UI8
218.6,Nelore,Fêmea,15,Média energia,Sul,22.3,236.4,510.7,141,2.07,1.2,Novilha,UQX4F8MY5A8SLT6
309.6,Angus,Fêmea,26,Média energia,Cerrado,29.0,123.2,523.1,135,1.58,2.2,Vaca,2PNGFU9VSYC97K0
340.8,Hereford,Macho,20,Média energia,Nordeste,30.0,177.8,492.2,123,1.23,1.7,Novilha,BFBQNJ6L5XNEE56
227.2,Brahman,Macho,16,Alta energia,Cerrado,26.3,274.3,443.6,173,1.25,1.3,Novilha,D3QCM9RW869Q7LE
210.0,Angus,Fêmea,24,Baixa energia,Cerrado,30.5,170.7,366.9,150,1.05,2.0,Novilha,0MZN5KPVPMLR2RB
311.2,Nelore,Macho,29,Alta energia,Nordeste,26.2,60.6,542.8,161,1.44,2.4,Touro,BC2HKL5DIXPQVGJ
286.2,Angus,Fêmea,16,Média energia,Sul,27.6,119.8,487.0,160,1.26,1.3,Novilha,29XNNYVW5Z0LSS7
326.3,Senepol,Fêmea,27,Alta energia,Cerrado,20.1,254.5,547.3,159,1.39,2.2,Vaca,52U8ELGBYJF08JI
221.0,Nelore,Macho,25,Baixa energia,Nordeste,30.4,196.8,463.0,100,2.42,2.1,Touro,T8H4P1F51KW3I1X
319.3,Hereford,Macho,27,Alta energia,Sul,29.9,198.7,599.6,171,1.64,2.2,Touro,1XO67V27J3K7UMY
230.2,Brahman,Fêmea,26,Baixa energia,Nordeste,20.6,261.4,479.5,178,1.4,2.2,Vaca,UAEVGMWUFTLI1K5
224.5,Angus,Fêmea,15,Baixa energia,Cerrado,25.5,269.3,439.6,152,1.42,1.2,Novilha,KXO8QY8S4QWAJHZ
224.6,Nelore,Fêmea,18,Alta energia,Sul,34.7,276.7,497.5,110,2.48,1.5,Novilha,7SNHAYXT3EC5QEK
322.2,Senepol,Macho,27,Média energia,Sul,26.3,37.5,608.0,92,3.11,2.2,Touro,DSWQM0ABR969BDP
299.8,Nelore,Fêmea,19,Baixa energia,Nordeste,27.5,167.8,467.8,171,0.98,1.6,Novilha,DIUWBCWZG969DWY
278.5,Senepol,Fêmea,28,Alta energia,Nordeste,33.6,224.7,508.3,177,1.3,2.3,Vaca,Z11UJ0OQ8EPWI68
253.8,Hereford,Fêmea,27,Baixa energia,Nordeste,30.8,229.5,446.5,99,1.95,2.2,Vaca,XXXSY4Y05KE6SP8
331.6,Brahman,Fêmea,21,Média energia,Sul,28.7,185.9,488.7,116,1.35,1.8,Novilha,KKJ7EWY2M57LXU2
258.9,Hereford,Fêmea,21,Alta energia,Sul,32.0,58.4,509.2,101,2.48,1.8,Novilha,W6HMEJNXKC23GQT
322.5,Angus,Macho,13,Alta energia,Cerrado,33.0,241.3,601.9,96,2.91,1.1,Novilha,KYXB0S2KS1UZVFK
265.9,Nelore,Fêmea,20,Alta energia,Sul,26.9,218.8,440.3,106,1.65,1.7,Novilha,N9BTVD2XAX3LSDO
256.5,Senepol,Fêmea,28,Média energia,Cerrado,27.1,35.0,528.4,154,1.77,2.3,Vaca,TTUJ3XC2H2JEKD8
269.4,Senepol,Fêmea,22,Baixa energia,Nordeste,25.8,144.5,547.4,153,1.82,1.8,Novilha,LUPNU09AAVOTCNI
245.2,Nelore,Fêmea,21,Alta energia,Nordeste,34.5,60.5,532.4,115,2.5,1.8,Novilha,S7D6B0Q4F4CC6MU
312.1,Nelore,Macho,28,Baixa energia,Sul,30.5,107.9,501.9,104,1.82,2.3,Touro,PUMD4I6XY29ORTE
275.4,Angus,Macho,15,Baixa energia,Nordeste,21.2,15.2,561.0,122,2.34,1.2,Novilha,RASWZ27SRB0FFF4
234.8,Hereford,Macho,27,Média energia,Nordeste,32.9,126.1,432.9,151,1.31,2.2,Touro,3URWW19YGRTER6O
334.9,Senepol,Fêmea,26,Alta energia,Sul,27.2,169.5,567.8,136,1.71,2.2,Vaca,8AUHG38BHDUMI2X
257.6,Angus,Fêmea,16,Baixa energia,Cerrado,21.0,189.7,415.2,124,1.27,1.3,Novilha,PLBS3PXMEW4QCZM
281.5,Hereford,Macho,17,Alta energia,Sul,28.2,202.4,438.1,154,1.02,1.4,Novilha,VU2ENRD6TM9D8H9
336.0,Angus,Macho,28,Alta energia,Cerrado,26.3,252.5,594.1,161,1.6,2.3,Touro,FVF9IP6RL0AO0PU
293.6,Senepol,Macho,12,Média energia,Sul,33.2,72.5,510.3,165,1.31,1.0,Bezerro,A2CL14466K2YMS9
217.5,Nelore,Fêmea,15,Alta energia,Sul,23.1,44.9,405.9,172,1.1,1.2,Novilha,1DCY822L8TQL9JR
341.0,Nelore,Fêmea,28,Alta energia,Nordeste,32.4,256.9,519.6,114,1.57,2.3,Vaca,3HM4FGU1UUX00M2
294.2,Hereford,Macho,20,Baixa energia,Sul,28.4,55.4,544.7,146,1.72,1.7,Novilha,12V931W6DC5DALM
250.2,Brahman,Macho,13,Média energia,Sul,20.8,292.7,400.3,121,1.24,1.1,Novilha,72I4GMB6GRHL3I1
220.9,Hereford,Macho,19,Alta energia,Cerrado,34.6,254.3,491.8,152,1.78,1.6,Novilha,DQKBWVZL5IEZG26
319.1,Brahman,Fêmea,26,Baixa energia,Nordeste,27.7,155.3,481.0,101,1.6,2.2,Vaca,XY42EK5HT7HBUOF
293.0,Angus,Fêmea,18,Média energia,Cerrado,24.4,294.6,471.7,152,1.18,1.5,Novilha,ECP8I8S7JJTAFB6
280.0,Angus,Fêmea,17,Média energia,Cerrado,27.0,38.2,487.9,166,1.25,1.4,Novilha,C9M8OVDQEUX43GG
334.1,Senepol,Macho,12,Baixa energia,Nordeste,32.9,97.9,556.8,90,2.47,1.0,Bezerro,0XS7V0FJ4YBJJZE
318.3,Brahman,Macho,26,Baixa energia,Nordeste,24.6,195.1,521.5,140,1.45,2.2,Touro,VD7GQKH16YULZ28
222.8,Senepol,Fêmea,18,Baixa energia,Nordeste,22.9,111.5,420.9,159,1.25,1.5,Novilha,2XOF579TL8Q0QKB
246.8,Nelore,Macho,28,Baixa energia,Sul,21.9,279.2,541.4,97,3.04,2.3,Touro,B2XXP4I0NYV860Z
237.3,Brahman,Fêmea,13,Baixa energia,Nordeste,24.5,29.0,483.5,157,1.57,1.1,Novilha,SZFCF1CMMMA4QIM
311.6,Hereford,Macho,20,Alta energia,Nordeste,31.7,169.3,465.1,94,1.63,1.7,Novilha,NKY4NGX9CZZAOKG
205.0,Nelore,Macho,20,Alta energia,Nordeste,27.1,181.4,419.5,178,1.21,1.7,Novilha,LCZ359RAU1P1VSA
285.5,Nelore,Macho,24,Média energia,Cerrado,23.4,199.3,566.8,175,1.61,2.0,Novilha,47F1C4PQ0XT58MT
314.4,Hereford,Macho,17,Alta energia,Cerrado,22.5,84.1,509.6,128,1.53,1.4,Novilha,BD0YD5QA63EL5Q5
331.5,Nelore,Fêmea,17,Alta energia,Sul,25.0,115.7,495.7,112,1.47,1.4,Novilha,XL4S2UZ1QIU7KTP
251.3,Brahman,Macho,14,Alta energia,Cerrado,34.1,254.7,515.1,157,1.68,1.2,Novilha,2ARVHGY37KO8WU1
323.2,Senepol,Fêmea,28,Baixa energia,Sul,25.1,66.5,564.1,141,1.71,2.3,Vaca,M7FDEFU1CWHSKJ1
216.6,Nelore,Fêmea,28,Média energia,Cerrado,34.8,249.8,452.1,93,2.53,2.3,Vaca,T12HSURIDY7IIRK
327.0,Brahman,Fêmea,23,Média energia,Nordeste,27.3,173.2,485.0,136,1.16,1.9,Novilha,MIPD7GOK503Q9SG
219.1,Angus,Macho,27,Média energia,Cerrado,22.7,231.0,390.2,110,1.56,2.2,Touro,U1CNB2RXL5RMDWJ
259.6,Brahman,Fêmea,26,Média energia,Sul,33.4,216.9,503.0,145,1.68,2.2,Vaca,EN71HP4GC29DIQT
319.6,Senepol,Fêmea,24,Alta energia,Cerrado,26.9,70.2,500.8,155,1.17,2.0,Novilha,N2M9QDTKVH13669
222.5,Brahman,Fêmea,12,Alta energia,Nordeste,30.6,175.0,448.1,148,1.52,1.0,Bezerro,0T6YSU6CNO6VA48
234.4,Hereford,Macho,28,Baixa energia,Sul,34.8,261.6,466.1,96,2.41,2.3,Touro,T5LPHNR3677GFFV
308.3,Senepol,Macho,14,Média energia,Nordeste,20.8,135.3,500.8,138,1.39,1.2,Novilha,HOZCJC3VCA6S974
308.0,Angus,Fêmea,26,Alta energia,Nordeste,21.5,290.3,600.3,105,2.78,2.2,Vaca,XLMPPT0MD57QX21
296.2,Hereford,Macho,15,Alta energia,Sul,30.8,141.1,572.6,106,2.61,1.2,Novilha,V1YCM4MR7QU9SL1
304.1,Brahman,Fêmea,15,Baixa energia,Nordeste,24.2,51.4,562.5,173,1.49,1.2,Novilha,K18OPGC4LHY8LUZ
281.4,Senepol,Fêmea,29,Baixa energia,Nordeste,22.8,122.9,443.1,176,0.92,2.4,Vaca,BNDQEXGWQLKK729
237.8,Angus,Macho,28,Baixa energia,Cerrado,20.6,286.0,403.7,164,1.01,2.3,Touro,0VB93GLCQ5HW3OJ
251.9,Hereford,Fêmea,22,Alta energia,Nordeste,20.3,102.7,475.8,123,1.82,1.8,Novilha,O3ZNC9ZN4NJIR99
227.2,Angus,Macho,14,Alta energia,Nordeste,31.6,261.7,401.3,122,1.43,1.2,Novilha,LCRG4A4M2C28OUS
336.3,Brahman,Macho,19,Baixa energia,Nordeste,22.0,265.6,633.0,115,2.58,1.6,Novilha,1DMO5C3TBYKAJQ3
287.5,Angus,Fêmea,25,Média energia,Nordeste,27.0,111.6,461.3,155,1.12,2.1,Vaca,8S75LQFMVKGUA3S
260.1,Nelore,Macho,12,Baixa energia,Sul,29.1,34.1,483.2,152,1.47,1.0,Bezerro,28T9AW48VG69G0B
269.3,Hereford,Macho,25,Baixa energia,Cerrado,26.4,220.1,473.9,176,1.16,2.1,Touro,QA3V16Z8KG1Y4C6
342.1,Angus,Fêmea,13,Baixa energia,Nordeste,20.4,100.3,588.0,130,1.89,1.1,Novilha,7USUNJG2HMSKBF2
223.0,Brahman,Fêmea,15,Baixa energia,Nordeste,31.8,237.0,392.4,175,0.97,1.2,Novilha,E390R9PEI7794TQ
287.9,Brahman,Macho,17,Alta energia,Sul,20.2,138.4,502.4,147,1.46,1.4,Novilha,T1USC3EFCXA9ORW
275.9,Angus,Macho,12,Média energia,Nordeste,31.4,150.7,467.1,168,1.14,1.0,Bezerro,2VXM6V8QVEYFQ4Q
291.7,Brahman,Fêmea,28,Baixa energia,Sul,33.4,235.6,574.9,99,2.86,2.3,Vaca,6DNM0X0HUK400H6
202.7,Senepol,Macho,19,Média energia,Cerrado,26.5,120.9,358.8,104,1.5,1.6,Novilha,L87P9BL0QTU3THR
330.8,Senepol,Macho,12,Média energia,Cerrado,28.0,138.5,617.9,131,2.19,1.0,Bezerro,RRBL5HJKNZ3DKXV
339.8,Senepol,Macho,16,Média energia,Nordeste,27.2,119.1,614.7,146,1.88,1.3,Novilha,CBLUEGD9V2IZLAH
284.8,Nelore,Macho,27,Baixa energia,Nordeste,25.8,116.5,479.4,176,1.11,2.2,Touro,6DN2NIIZQDC2YUL
304.5,Angus,Macho,17,Alta energia,Nordeste,33.3,162.5,572.9,106,2.53,1.4,Novilha,AAGJOKWM0QML2UT
338.4,Nelore,Macho,19,Baixa energia,Sul,33.4,244.6,493.1,149,1.04,1.6,Novilha,T4HXK6ODA5K3S97
306.1,Brahman,Macho,24,Média energia,Nordeste,25.0,114.9,601.1,98,3.01,2.0,Novilha,GTL5BVX4DXQS76F
222.9,Nelore,Fêmea,27,Média energia,Nordeste,29.2,162.0,451.9,125,1.83,2.2,Vaca,9MI87PRR5GWWRGX
286.4,Brahman,Fêmea,14,Alta energia,Cerrado,33.9,204.5,481.9,162,1.21,1.2,Novilha,NEVVJZOAN94178W
291.0,Brahman,Fêmea,23,Baixa energia,Nordeste,34.4,88.1,495.4,169,1.21,1.9,Novilha,SROAYZ8ODOAVKZ0
263.6,Hereford,Fêmea,27,Média energia,Cerrado,27.6,90.5,423.6,125,1.28,2.2,Vaca,MGHWZ0IMGKJ6C2P
310.5,Senepol,Fêmea,22,Alta energia,Nordeste,26.8,280.7,608.9,137,2.18,1.8,Novilha,PGOFRSBCY911599
340.2,Brahman,Macho,21,Média energia,Cerrado,24.2,219.8,496.1,140,1.11,1.8,Novilha,WBJFHO21V7T6OGX
338.8,Hereford,Macho,15,Alta energia,Nordeste,34.4,177.4,587.0,159,1.56,1.2,Novilha,ZJOXKUOONUT6CWW
267.6,Senepol,Macho,23,Alta energia,Cerrado,22.1,197.8,484.0,163,1.33,1.9,Novilha,08Y5VHR11KLBD7W
217.0,Brahman,Macho,13,Baixa energia,Sul,28.7,18.5,509.3,169,1.73,1.1,Novilha,MG5WH72W2EKNB88
347.7,Brahman,Fêmea,16,Média energia,Cerrado,24.2,189.2,534.6,157,1.19,1.3,Novilha,1H5DG0QJDWNEBXR
325.8,Nelore,Macho,19,Baixa energia,Cerrado,24.2,157.8,555.6,111,2.07,1.6,Novilha,0X2KRD6N5DTUCYD
218.7,Nelore,Macho,18,Média energia,Cerrado,26.1,168.3,441.1,166,1.34,1.5,Novilha,KP9F4MWD62ST5PE
338.1,Senepol,Fêmea,25,Baixa energia,Nordeste,35.0,114.2,593.5,169,1.51,2.1,Vaca,LUNV3WE23RAQCG0
330.5,Brahman,Macho,14,Média energia,Nordeste,20.8,33.6,490.7,95,1.69,1.2,Novilha,14OHF1D3Q7F98PB
277.8,Angus,Macho,29,Baixa energia,Nordeste,28.7,66.1,456.9,115,1.56,2.4,Touro,HO0PAJGJLQLO55Z
288.7,Nelore,Fêmea,27,Alta energia,Sul,21.2,285.7,470.9,164,1.11,2.2,Vaca,NZED1AMCYPUM9HS
259.9,Senepol,Macho,29,Média energia,Sul,22.3,128.5,520.6,177,1.47,2.4,Touro,PLTRLYKV7ML910M
208.2,Brahman,Macho,27,Média energia,Cerrado,26.6,145.3,386.6,92,1.94,2.2,Touro,04BRZ4V9SNN2QIA
250.3,Brahman,Macho,19,Alta energia,Sul,27.7,25.3,486.3,141,1.67,1.6,Novilha,DGKNSCH2ISL0YQ6
320.4,Angus,Macho,12,Baixa energia,Cerrado,23.9,20.9,502.7,163,1.12,1.0,Bezerro,N1R6OK9O3OWO2KR
200.7,Senepol,Macho,28,Média energia,Cerrado,24.7,218.0,479.9,149,1.87,2.3,Touro,4IVKQ6KHD9SXR69
250.0,Brahman,Fêmea,23,Média energia,Cerrado,21.3,166.0,541.3,152,1.92,1.9,Novilha,JNGLV0K9M5HGQV7
259.7,Nelore,Fêmea,22,Baixa energia,Sul,24.5,157.5,487.5,154,1.48,1.8,Novilha,THV07UOEQHSEWSN
280.6,Angus,Fêmea,16,Alta energia,Nordeste,34.5,80.5,483.4,141,1.44,1.3,Novilha,J4MVJ48M3798DDF
338.0,Senepol,Fêmea,23,Baixa energia,Sul,34.2,226.0,523.1,179,1.03,1.9,Novilha,130E8OS352FZ081
252.0,Angus,Fêmea,28,Baixa energia,Cerrado,25.0,58.8,409.5,165,0.95,2.3,Vaca,EPRMYJ2JFPYD7S6
252.0,Nelore,Fêmea,17,Baixa energia,Cerrado,28.6,65.1,442.3,103,1.85,1.4,Novilha,D7L4PBB9FWPSX0G
310.6,Senepol,Macho,12,Média energia,Sul,33.6,143.6,558.7,178,1.39,1.0,Bezerro,3NOL2WMIX3AJOIM
267.8,Angus,Fêmea,16,Alta energia,Cerrado,20.1,93.0,497.8,161,1.43,1.3,Novilha,W6IC3IYX5G9YTQ9
233.7,Hereford,Fêmea,25,Alta energia,Cerrado,32.2,81.8,525.3,157,1.86,2.1,Vaca,ZSC1VSPF474K9F0
267.9,Nelore,Macho,16,Baixa energia,Sul,34.2,197.1,477.3,117,1.79,1.3,Novilha,G5H6O03V23BO0G0
221.1,Nelore,Macho,12,Média energia,Sul,21.4,198.8,475.2,160,1.59,1.0,Bezerro,UMQKJ6NH6G7GG9G
226.5,Nelore,Fêmea,29,Baixa energia,Sul,22.4,249.1,449.9,99,2.26,2.4,Vaca,TRNNU0Z0XE15XFJ
274.8,Hereford,Macho,27,Média energia,Cerrado,34.4,131.1,501.7,146,1.55,2.2,Touro,CG27GQMU4IMQHII
262.8,Hereford,Fêmea,20,Média energia,Cerrado,28.1,31.2,453.0,155,1.23,1.7,Novilha,3GQEQAPQ348H3UO
337.2,Brahman,Macho,16,Média energia,Nordeste,20.2,89.4,555.4,179,1.22,1.3,Novilha,70BJE0DMQUW6ONI
254.4,Angus,Fêmea,13,Média energia,Nordeste,23.9,294.2,475.0,139,1.59,1.1,Novilha,32W7GIDB06501C9
287.1,Brahman,Macho,26,Alta energia,Sul,26.7,182.9,543.1,103,2.49,2.2,Touro,HVNODRALQS9GIHY
294.8,Angus,Macho,18,Média energia,Nordeste,30.4,215.8,585.9,105,2.77,1.5,Novilha,GHXQL4LBL0GM9A8
202.0,Hereford,Fêmea,15,Média energia,Cerrado,31.0,12.1,401.4,143,1.39,1.2,Novilha,34QHCJ7VD52KMDB
299.5,Hereford,Fêmea,12,Baixa energia,Nordeste,34.9,160.3,455.8,132,1.18,1.0,Bezerro,7VEITUQL1RCENZS
226.7,Brahman,Fêmea,24,Baixa energia,Cerrado,24.3,20.9,451.1,131,1.71,2.0,Novilha,QD8XM6OO41JG6GE
344.2,Senepol,Fêmea,18,Alta energia,Sul,28.1,175.1,575.9,170,1.36,1.5,Novilha,ZPHV719G1BIFACJ
222.3,Brahman,Fêmea,26,Baixa energia,Sul,28.0,277.0,397.6,111,1.58,2.2,Vaca,W6IM1GZPZ59AUMZ
262.2,Angus,Macho,25,Média energia,Cerrado,26.1,290.8,526.3,157,1.68,2.1,Touro,IWAB194EYH75KYC
212.8,Brahman,Fêmea,29,Baixa energia,Nordeste,22.5,166.8,510.5,108,2.76,2.4,Vaca,5857E11H0PRYAHU
349.5,Nelore,Fêmea,21,Alta energia,Sul,34.7,142.9,641.4,155,1.88,1.8,Novilha,7XZN23CG9K5LOXA
275.3,Angus,Macho,20,Baixa energia,Sul,32.8,284.1,454.9,128,1.4,1.7,Novilha,RGB46347GYPV90Q
289.3,Angus,Macho,19,Baixa energia,Nordeste,27.5,205.3,570.6,162,1.74,1.6,Novilha,D8V8OUMK0453RP8
210.1,Senepol,Fêmea,21,Alta energia,Nordeste,29.0,28.8,465.8,108,2.37,1.8,Novilha,IJLHCSKHZWJRLZK
312.5,Hereford,Macho,28,Alta energia,Cerrado,23.4,145.1,530.6,105,2.08,2.3,Touro,JCGDHML89BO7ZEY
231.5,Angus,Macho,13,Média energia,Nordeste,28.2,79.7,462.6,143,1.62,1.1,Novilha,7D702ERDATFTT0Z
334.7,Hereford,Fêmea,17,Baixa energia,Nordeste,30.4,146.2,612.1,114,2.43,1.4,Novilha,5JRLJXXYHN4XPTO
230.8,Brahman,Macho,16,Média energia,Nordeste,27.7,142.1,452.8,107,2.07,1.3,Novilha,NL7HSE0M54BGKKW
228.6,Nelore,Macho,20,Baixa energia,Cerrado,34.9,178.8,434.6,112,1.84,1.7,Novilha,4H5U4AMK2D9OC2U
205.5,Senepol,Fêmea,16,Baixa energia,Cerrado,29.2,113.5,429.5,174,1.29,1.3,Novilha,BF4XQEBLETHAFKC
270.8,Hereford,Fêmea,29,Média energia,Sul,25.6,57.6,507.7,100,2.37,2.4,Vaca,41EZP41GI80LY24
284.7,Angus,Macho,20,Baixa energia,Cerrado,31.6,156.1,463.1,128,1.39,1.7,Novilha,760BNMXE7WS3P7K
209.9,Hereford,Macho,28,Baixa energia,Sul,22.6,250.8,495.0,157,1.82,2.3,Touro,NO8G2VWX8JHL22W
316.3,Angus,Fêmea,28,Baixa energia,Nordeste,25.8,202.6,567.4,114,2.2,2.3,Vaca,Z5FHQLVN7SFR9OI
268.0,Hereford,Macho,23,Alta energia,Sul,25.2,108.1,513.0,152,1.61,1.9,Novilha,FBPA36APQRVV840
278.7,Angus,Macho,18,Média energia,Sul,26.5,281.3,443.6,119,1.39,1.5,Novilha,9DEY4N3L0X3RNSV
266.1,Brahman,Macho,14,Alta energia,Nordeste,31.7,274.5,506.7,134,1.8,1.2,Novilha,ZG1E9RNWN5EV1LR
260.1,Angus,Fêmea,21,Média energia,Sul,27.3,70.7,428.2,179,0.94,1.8,Novilha,94MT9GW75UFP8TK
283.9,Angus,Macho,13,Média energia,Cerrado,31.9,21.4,445.7,150,1.08,1.1,Novilha,5NX4QYIV8Q1AIM5
223.3,Nelore,Macho,14,Baixa energia,Cerrado,28.6,225.0,452.4,140,1.64,1.2,Novilha,14HH7WJY6DG6B5E
227.3,Angus,Fêmea,27,Média energia,Cerrado,25.1,250.0,437.7,98,2.15,2.2,Vaca,QLL8UUBUOKJRW4Z
329.3,Nelore,Macho,13,Alta energia,Cerrado,32.1,290.7,567.6,165,1.44,1.1,Novilha,BGX5ZWN2Y4BBWK2
341.9,Senepol,Macho,21,Alta energia,Sul,23.6,268.1,505.3,91,1.8,1.8,Novilha,8I53ONQV3QPH4L6
256.0,Nelore,Fêmea,17,Alta energia,Sul,23.4,184.2,470.6,94,2.28,1.4,Novilha,LYRSC8E80UP1Y6Q
240.6,Brahman,Fêmea,22,Média energia,Nordeste,27.6,163.7,416.8,151,1.17,1.8,Novilha,3DBI4Y9EXX24SW8
296.6,Nelore,Fêmea,18,Alta energia,Sul,23.9,18.1,594.7,158,1.89,1.5,Novilha,FF3AH1Y6NKB33DM
261.3,Senepol,Fêmea,26,Média energia,Sul,20.1,81.5,495.5,141,1.66,2.2,Vaca,GCINKNSHGGCCR61
203.8,Brahman,Macho,17,Alta energia,Sul,29.7,143.3,456.9,175,1.45,1.4,Novilha,9PO2RS2F0G0SQKE
223.4,Hereford,Macho,20,Alta energia,Nordeste,27.7,192.3,422.2,94,2.11,1.7,Novilha,BLKJ1GNMEHAEKJO
307.4,Hereford,Fêmea,23,Média energia,Cerrado,26.7,171.6,471.6,148,1.11,1.9,Novilha,2YFKQOPB9SUKC7R
298.8,Nelore,Fêmea,14,Alta energia,Sul,34.5,225.4,595.2,157,1.89,1.2,Novilha,OYO3QR4R8MN9REN
204.1,Nelore,Macho,26,Baixa energia,Nordeste,28.6,91.1,397.0,98,1.97,2.2,Touro,YL18ACGI9WXJLS5
233.3,Senepol,Fêmea,13,Média energia,Nordeste,33.0,173.8,446.9,111,1.92,1.1,Novilha,XVC0SIMB92K7DDA
234.7,Senepol,Macho,13,Média energia,Nordeste,22.1,35.6,482.2,116,2.13,1.1,Novilha,YZKWBS2DP0EOWCR
300.8,Angus,Fêmea,14,Média energia,Cerrado,28.5,130.0,454.5,99,1.55,1.2,Novilha,ZFQ0TF8LCDDDUBP
203.0,Senepol,Macho,17,Baixa energia,Sul,33.0,227.5,474.5,169,1.61,1.4,Novilha,GS6IQ06LKM4MZ4V
215.6,Angus,Fêmea,26,Média energia,Nordeste,28.7,211.1,446.1,150,1.54,2.2,Vaca,FTUJS8ZGHE91CHO
320.0,Brahman,Fêmea,21,Alta energia,Cerrado,30.8,297.3,511.7,140,1.37,1.8,Novilha,09PZDLQZ4O72IN9
226.8,Nelore,Macho,20,Alta energia,Nordeste,25.6,90.6,386.0,99,1.61,1.7,Novilha,DXQMTQ06UQVYC00
297.9,Brahman,Fêmea,12,Alta energia,Nordeste,21.4,154.5,472.3,95,1.84,1.0,Bezerro,LOTVBDM5VY0QFPH
235.7,Senepol,Macho,27,Média energia,Nordeste,26.9,105.6,520.0,151,1.88,2.2,Touro,6J7SNCWKF7A8Y2W
214.9,Brahman,Macho,17,Alta energia,Nordeste,25.9,137.8,467.8,94,2.69,1.4,Novilha,RNQB4S51HVXBSB1
236.5,Brahman,Macho,20,Média energia,Nordeste,33.0,258.5,424.0,159,1.18,1.7,Novilha,5SP3VNABV6OVKDG
308.3,Brahman,Macho,15,Alta energia,Cerrado,23.7,208.4,468.1,152,1.05,1.2,Novilha,UGDL0QT4Z48IEHU
328.4,Senepol,Macho,13,Baixa energia,Sul,34.5,265.9,582.0,145,1.75,1.1,Novilha,PPR1RNPUAKKB5SE
324.5,Brahman,Fêmea,15,Baixa energia,Sul,34.4,69.0,560.4,148,1.59,1.2,Novilha,C1ZW3H92MYV6GWF
259.6,Angus,Fêmea,12,Baixa energia,Sul,23.7,263.3,470.3,152,1.39,1.0,Bezerro,OO7N2P2WJDL7DT1
300.2,Senepol,Macho,21,Baixa energia,Sul,25.2,27.3,504.7,178,1.15,1.8,Novilha,1FN8ASAMHR8WZTB
230.7,Brahman,Fêmea,26,Média energia,Cerrado,33.4,267.7,413.2,148,1.23,2.2,Vaca,Z9Y3RG0KHKX33O8
244.0,Senepol,Macho,27,Alta energia,Cerrado,34.5,105.4,494.4,140,1.79,2.2,Touro,XHTZXVEO92O0H2S
334.5,Hereford,Fêmea,15,Baixa energia,Cerrado,26.7,101.2,630.1,139,2.13,1.2,Novilha,4IJJ6YDEWEHQAL8
202.0,Angus,Fêmea,13,Média energia,Nordeste,24.8,158.5,378.4,93,1.9,1.1,Novilha,NRJO6S7YPH8USKK
212.8,Brahman,Fêmea,24,Baixa energia,Nordeste,27.9,282.8,452.4,137,1.75,2.0,Novilha,KVU0R36UBMB4JWV
231.2,Hereford,Fêmea,12,Baixa energia,Nordeste,30.3,23.9,444.8,121,1.77,1.0,Bezerro,264NJRKCBH4HBVE
204.0,Hereford,Macho,28,Média energia,Sul,24.1,112.1,421.0,140,1.55,2.3,Touro,GT1MB5ZCMUWGQ13
227.2,Senepol,Macho,24,Média energia,Nordeste,31.0,258.4,415.3,141,1.33,2.0,Novilha,EXG760NSLCG8YOS
287.5,Hereford,Fêmea,15,Alta energia,Sul,20.8,124.9,561.3,163,1.68,1.2,Novilha,SWKU7G0WT0HCBVF
263.2,Angus,Fêmea,18,Alta energia,Nordeste,20.7,67.8,486.0,123,1.81,1.5,Novilha,9XLQVSIL54QWJ3S
333.9,Angus,Macho,28,Baixa energia,Sul,25.8,133.2,565.4,125,1.85,2.3,Touro,ZZKTDLYJVGXB5UG
322.6,Nelore,Fêmea,20,Baixa energia,Nordeste,25.3,121.8,518.3,159,1.23,1.7,Novilha,HUHY1149YL4RZFI
251.3,Angus,Macho,15,Alta energia,Nordeste,24.7,275.5,428.6,132,1.34,1.2,Novilha,K4B2EW9GMJ9POSU
238.9,Hereford,Macho,12,Alta energia,Cerrado,27.4,231.0,401.8,105,1.55,1.0,Bezerro,8ON2ERA00YUNT1U
257.0,Angus,Macho,21,Média energia,Nordeste,24.8,156.5,514.1,148,1.74,1.8,Novilha,WKBTXYVXOL443TH
288.5,Senepol,Fêmea,15,Alta energia,Nordeste,22.9,296.6,467.9,142,1.26,1.2,Novilha,38U1QLR1COPV44A
240.2,Nelore,Macho,20,Alta energia,Cerrado,24.6,144.9,493.7,108,2.35,1.7,Novilha,KFWIPSM59I44SB5
293.6,Hereford,Fêmea,24,Baixa energia,Sul,34.6,26.9,502.2,178,1.17,2.0,Novilha,7AUC0G6I3RZT4HW
261.4,Nelore,Macho,25,Alta energia,Cerrado,26.2,86.1,473.8,130,1.63,2.1,Touro,YARSFQHI09FFDV0
282.8,Hereford,Fêmea,21,Baixa energia,Cerrado,26.7,136.5,503.2,170,1.3,1.8,Novilha,BIKTNZ398FCARW5
265.4,Senepol,Fêmea,17,Alta energia,Sul,28.6,55.5,470.6,136,1.51,1.4,Novilha,2W9FQR4F709YJLK
244.2,Nelore,Fêmea,27,Média energia,Nordeste,34.8,284.8,409.3,143,1.15,2.2,Vaca,CVDHNTXN1P5LPSE
342.3,Brahman,Macho,17,Alta energia,Sul,23.6,232.4,538.7,144,1.36,1.4,Novilha,L2EQH3JTPPCWV19
314.5,Hereford,Macho,28,Alta energia,Nordeste,30.2,87.8,564.1,108,2.31,2.3,Touro,DXSKRLNRL0FX6PL
221.0,Brahman,Fêmea,21,Alta energia,Nordeste,30.7,181.3,470.9,151,1.65,1.8,Novilha,4MHCTDB9WSHPR9X
330.3,Nelore,Fêmea,29,Baixa energia,Sul,29.1,219.2,523.2,148,1.3,2.4,Vaca,AA9KRPQX7D8OB4I
273.1,Brahman,Fêmea,29,Média energia,Cerrado,21.3,283.0,492.1,154,1.42,2.4,Vaca,JYENBR2THZD6VF6
334.2,Brahman,Macho,14,Alta energia,Sul,30.2,265.7,513.2,157,1.14,1.2,Novilha,1XDBMK8JJHEW75P
320.0,Nelore,Macho,26,Baixa energia,Nordeste,21.0,159.4,501.6,117,1.55,2.2,Touro,D1NLUPBW2IG2QIF
263.8,Senepol,Macho,26,Média energia,Sul,28.9,234.6,417.3,107,1.43,2.2,Touro,TJIL657S6PWZI3M
203.4,Brahman,Macho,15,Baixa energia,Sul,31.1,173.0,487.9,115,2.47,1.2,Novilha,PB4SKNYGO34XYH3
240.3,Brahman,Fêmea,20,Baixa energia,Nordeste,23.2,170.3,421.9,108,1.68,1.7,Novilha,9N2097UK6OLXKSA
281.2,Senepol,Fêmea,28,Média energia,Cerrado,32.6,43.3,465.3,144,1.28,2.3,Vaca,QPZOH3N6GRLB2UG
295.0,Brahman,Macho,22,Alta energia,Sul,20.5,46.6,486.9,146,1.31,1.8,Novilha,0LTNJW34JSSW5TD
238.7,Brahman,Macho,20,Baixa energia,Nordeste,32.7,163.6,407.8,95,1.78,1.7,Novilha,6AMCL249BVV4N28
220.9,Brahman,Fêmea,21,Baixa energia,Nordeste,26.9,88.0,466.8,90,2.73,1.8,Novilha,I50JY6KIGG7STYE
325.2,Angus,Macho,29,Alta energia,Sul,23.3,16.1,486.5,97,1.66,2.4,Touro,20YODNQUPZIBO8X
347.7,Senepol,Macho,24,Alta energia,Cerrado,22.0,219.6,517.8,140,1.21,2.0,Novilha,NFRVRB5QAIM934W
278.9,Brahman,Macho,19,Média energia,Sul,34.3,19.4,525.6,174,1.42,1.6,Novilha,1JY9ZZMQDW8KLIO
225.8,Senepol,Macho,18,Média energia,Cerrado,21.1,182.6,426.7,177,1.14,1.5,Novilha,ESKI80MLI1MTM0Z
240.8,Hereford,Macho,28,Média energia,Cerrado,23.0,166.4,497.0,114,2.25,2.3,Touro,22VIXS4O527I8FN
202.8,Hereford,Macho,26,Alta energia,Cerrado,25.2,291.0,436.4,136,1.72,2.2,Touro,ISW1PZY8EGWYAVD
337.1,Brahman,Fêmea,26,Baixa energia,Cerrado,29.3,150.4,525.5,144,1.31,2.2,Vaca,1N6DK5DAZ6Q0EGY
217.7,Senepol,Macho,12,Baixa energia,Sul,28.2,28.4,465.3,153,1.62,1.0,Bezerro,H7DL4K9VAD9HY19
286.5,Senepol,Macho,25,Média energia,Nordeste,21.9,170.0,453.9,172,0.97,2.1,Touro,9DMYC5AKBEVMW48
241.1,Senepol,Fêmea,16,Alta energia,Nordeste,24.3,253.9,471.6,99,2.33,1.3,Novilha,8MGE2HHGSW95D3E
283.1,Angus,Fêmea,22,Baixa energia,Nordeste,23.6,299.1,498.7,145,1.49,1.8,Novilha,CV1VV72MGJ1D5VT
297.7,Hereford,Fêmea,27,Média energia,Nordeste,23.2,134.8,487.9,101,1.88,2.2,Vaca,TFI1M4NVXHOFWY4
324.5,Senepol,Macho,13,Baixa energia,Nordeste,26.2,102.9,565.1,122,1.97,1.1,Novilha,2WJIM5AAR94A9IV
231.0,Senepol,Fêmea,19,Baixa energia,Nordeste,30.6,272.9,511.7,160,1.75,1.6,Novilha,1ZJCB465LCZNLZP
201.6,Angus,Macho,22,Alta energia,Sul,23.3,65.5,501.4,106,2.83,1.8,Novilha,H1GO9HJOR8BVO9E
220.5,Angus,Macho,29,Alta energia,Cerrado,25.5,188.5,461.7,150,1.61,2.4,Touro,O0P9R8YV47WPFOR
335.0,Senepol,Macho,14,Baixa energia,Nordeste,25.9,127.7,545.7,99,2.13,1.2,Novilha,MXMA9R6FQDN3THB
331.1,Nelore,Fêmea,12,Média energia,Sul,34.6,21.9,514.9,120,1.53,1.0,Bezerro,DJT8J1O9AV02OJT
289.6,Senepol,Fêmea,22,Alta energia,Nordeste,34.3,110.7,478.2,149,1.27,1.8,Novilha,VI5QS07J3UU7I7L
290.1,Senepol,Fêmea,27,Baixa energia,Nordeste,32.0,86.9,512.0,159,1.4,2.2,Vaca,UTF9L4BPADA8M4T
299.8,Angus,Fêmea,29,Alta energia,Cerrado,23.6,209.0,504.9,106,1.93,2.4,Vaca,G61T5I7ND2OQSI0
226.3,Angus,Fêmea,27,Alta energia,Cerrado,21.0,285.1,513.4,139,2.07,2.2,Vaca,O1DU7SD5LPNA5UD
337.2,Senepol,Macho,21,Alta energia,Cerrado,24.8,87.7,542.4,126,1.63,1.8,Novilha,IVL3359GQANZ0PG
262.8,Senepol,Macho,29,Baixa energia,Nordeste,24.0,245.3,468.8,171,1.2,2.4,Touro,5Y4PNY3GLC0SGP5
257.5,Senepol,Macho,17,Média energia,Nordeste,27.6,26.1,465.0,151,1.37,1.4,Novilha,HMKTRFT52DGT79G
277.8,Angus,Macho,15,Média energia,Nordeste,31.7,166.1,553.3,179,1.54,1.2,Novilha,6O5V2YEN8BYPPK8
207.0,Senepol,Fêmea,24,Média energia,Cerrado,32.9,30.5,454.6,169,1.47,2.0,Novilha,WE82ECFWBR3EKAJ
224.9,Senepol,Fêmea,25,Alta energia,Sul,32.7,280.9,467.0,161,1.5,2.1,Vaca,Z60LBAA6VL9UT9Z
310.7,Brahman,Macho,14,Baixa energia,Nordeste,25.4,232.2,510.8,177,1.13,1.2,Novilha,4ANZGLXSI8D5F11
212.4,Nelore,Fêmea,21,Alta energia,Nordeste,30.3,200.8,485.1,166,1.64,1.8,Novilha,2EE1I2N7NR6719W
290.5,Hereford,Fêmea,17,Média energia,Nordeste,24.7,248.9,446.3,118,1.32,1.4,Novilha,QK5OD3JWX9ESHGM
236.8,Nelore,Macho,12,Média energia,Sul,20.9,197.8,517.4,121,2.32,1.0,Bezerro,0RXBPNQF8QFU8WL
258.4,Brahman,Macho,25,Baixa energia,Nordeste,30.5,291.0,485.3,177,1.28,2.1,Touro,20FUGPEOUDEG89O
243.3,Hereford,Fêmea,19,Alta energia,Sul,20.1,217.0,453.0,169,1.24,1.6,Novilha,1BEGV45HKASGYV0
253.4,Senepol,Fêmea,25,Média energia,Nordeste,26.1,278.2,478.0,100,2.25,2.1,Vaca,OBHFT0WQMDTYVQK
307.9,Brahman,Macho,21,Baixa energia,Sul,24.9,160.0,558.0,95,2.63,1.8,Novilha,YEUZPU5DHIQMIF0
244.6,Senepol,Macho,28,Alta energia,Nordeste,30.4,43.9,396.5,124,1.23,2.3,Touro,XIK82HQGLO2XNK8
285.0,Angus,Macho,20,Alta energia,Cerrado,31.5,163.2,565.7,122,2.3,1.7,Novilha,Q0CBDRTUNHBZS12
271.4,Brahman,Fêmea,17,Média energia,Cerrado,24.6,46.8,488.4,107,2.03,1.4,Novilha,E1ZEOI5ZOD9T0UV
299.6,Angus,Macho,22,Média energia,Cerrado,32.2,181.8,501.0,126,1.6,1.8,Novilha,G4QGS1J0MBVTEF8
340.5,Brahman,Macho,18,Alta energia,Cerrado,24.4,149.9,511.2,102,1.67,1.5,Novilha,A8C9G2OKRDXKFRO
309.9,Brahman,Fêmea,28,Alta energia,Nordeste,26.7,190.5,525.8,163,1.32,2.3,Vaca,CQ673SI40YGGT9S
232.2,Angus,Fêmea,12,Média energia,Cerrado,30.9,12.9,456.6,179,1.25,1.0,Bezerro,B7QXIA1OUOWB9IB
204.7,Hereford,Fêmea,16,Alta energia,Sul,30.4,66.5,415.2,170,1.24,1.3,Novilha,BRQH77E21PNBD4Z
239.3,Nelore,Fêmea,20,Média energia,Cerrado,34.8,152.5,491.1,153,1.65,1.7,Novilha,074KHL87M0HUKVU
289.3,Senepol,Fêmea,29,Alta energia,Cerrado,23.4,285.6,502.4,90,2.37,2.4,Vaca,1CGNOIGLS0RMAU7
207.7,Brahman,Macho,13,Média energia,Cerrado,29.9,121.2,501.9,152,1.94,1.1,Novilha,MWAW15HZNX2DRN0
274.5,Senepol,Macho,22,Baixa energia,Nordeste,29.1,133.1,514.4,178,1.35,1.8,Novilha,C39WRJLH5QNIZXW
289.5,Angus,Fêmea,17,Média energia,Cerrado,33.7,217.3,560.6,123,2.2,1.4,Novilha,4BRP2KBND7IGQWK
250.1,Senepol,Fêmea,19,Média energia,Sul,22.3,185.1,416.5,99,1.68,1.6,Novilha,VR1PD9VKUPI87IM
315.6,Angus,Fêmea,15,Baixa energia,Cerrado,31.3,96.7,525.2,173,1.21,1.2,Novilha,FD1K78EKLSMDNBH
216.0,Senepol,Fêmea,29,Alta energia,Cerrado,28.5,129.1,416.5,96,2.09,2.4,Vaca,VMUU162VZKK7SN2
211.3,Nelore,Fêmea,22,Baixa energia,Cerrado,24.1,73.1,446.7,145,1.62,1.8,Novilha,SUXZLS3OCMIMPNH
309.2,Nelore,Macho,16,Média energia,Sul,27.1,290.1,588.4,169,1.65,1.3,Novilha,S58WURNPX5KKDZE
274.3,Nelore,Macho,26,Alta energia,Cerrado,25.0,47.9,436.1,126,1.28,2.2,Touro,96N5GJBJ8UHRI3D
303.3,Nelore,Macho,29,Baixa energia,Sul,28.7,117.8,464.2,118,1.36,2.4,Touro,8NNT2WU45GMWHL9
265.2,Nelore,Macho,13,Alta energia,Sul,33.3,17.5,542.7,101,2.75,1.1,Novilha,PZ22F64R4PND369
237.0,Nelore,Fêmea,22,Alta energia,Cerrado,28.5,74.3,418.9,106,1.72,1.8,Novilha,3NW1GJDMU61W5EZ
322.9,Angus,Macho,24,Baixa energia,Sul,29.5,236.3,573.2,137,1.83,2.0,Novilha,ZCX77T3TRTFYCSJ
319.9,Brahman,Fêmea,15,Alta energia,Nordeste,27.8,68.3,551.3,173,1.34,1.2,Novilha,EVI6OX39FOVC224
304.2,Senepol,Fêmea,18,Baixa energia,Cerrado,20.8,33.2,579.1,115,2.39,1.5,Novilha,B8IVSJUQCG9CM3W
240.8,Nelore,Fêmea,22,Média energia,Cerrado,23.5,147.6,409.6,172,0.98,1.8,Novilha,G32HJ6T22UA75N8
288.5,Angus,Macho,15,Alta energia,Sul,27.4,12.9,458.0,101,1.68,1.2,Novilha,XAFDA49IW42UCZF
254.1,Angus,Fêmea,26,Média energia,Sul,24.7,34.6,487.6,110,2.12,2.2,Vaca,TMWO4DKBP4D1PYM
213.7,Angus,Macho,12,Média energia,Cerrado,22.7,244.2,505.7,131,2.23,1.0,Bezerro,E3AENK72ROY3B0O
337.6,Brahman,Macho,14,Alta energia,Nordeste,27.6,233.7,549.8,150,1.41,1.2,Novilha,5TN0CCMYRAEB3Q2
220.5,Senepol,Fêmea,25,Baixa energia,Sul,24.8,275.4,419.5,147,1.35,2.1,Vaca,DIULLD1I5M7SNE0
342.5,Brahman,Fêmea,17,Alta energia,Sul,23.9,257.8,583.5,143,1.69,1.4,Novilha,1ZJXQPQAUVE9UI0
266.9,Hereford,Fêmea,29,Média energia,Nordeste,27.0,208.1,556.5,123,2.35,2.4,Vaca,LR8O3693ZU4QQ7X
